"";"Zufriedenheit";"Einkommen";"Geschlecht";"Alter";"Schulabschluss";"Wohnort"
"1";9;2200;"m‰nnlich";62;"mittlere Reife";"l‰ndl. Dorf"
"2";5;1500;"weiblich";64;"Hochschulreife";"Vorort Groﬂstadt"
"3";10;1400;"m‰nnlich";22;"ohne Abschluss";"Mittel-,Kleinstadt"
"4";8;1700;"weiblich";30;"Hochschulreife";"Groﬂstadt"
"5";6;3450;"m‰nnlich";41;"Hochschulreife";"l‰ndl. Dorf"
"6";8;854;"weiblich";43;"Hochschulreife";"Groﬂstadt"
"7";8;1500;"m‰nnlich";39;"Hochschulreife";"Vorort Groﬂstadt"
"8";8;1750;"m‰nnlich";37;"mittlere Reife";"Mittel-,Kleinstadt"
"9";9;1800;"m‰nnlich";46;"Hochschulreife";"Groﬂstadt"
"10";10;2000;"m‰nnlich";53;"Volks-,Hauptschule";"l‰ndl. Dorf"
"11";9;1350;"m‰nnlich";27;"Hochschulreife";"Vorort Groﬂstadt"
"12";7;2200;"m‰nnlich";42;"mittlere Reife";"Mittel-,Kleinstadt"
"13";10;2500;"m‰nnlich";34;"Fachhochschulreife";"Mittel-,Kleinstadt"
"14";7;4200;"m‰nnlich";35;"Hochschulreife";"Mittel-,Kleinstadt"
"15";9;2000;"weiblich";47;"Hochschulreife";"l‰ndl. Dorf"
"16";8;3500;"m‰nnlich";46;"Hochschulreife";"Mittel-,Kleinstadt"
"17";10;2000;"m‰nnlich";55;"Fachhochschulreife";"Mittel-,Kleinstadt"
"18";8;600;"weiblich";25;"Hochschulreife";"Groﬂstadt"
"19";8;3000;"m‰nnlich";37;"Hochschulreife";"Groﬂstadt"
"20";8;1700;"weiblich";40;"mittlere Reife";"Vorort Groﬂstadt"
"21";9;3000;"weiblich";36;"Hochschulreife";"Groﬂstadt"
"22";8;800;"weiblich";45;"mittlere Reife";"Mittel-,Kleinstadt"
"23";7;1400;"weiblich";37;"Hochschulreife";"l‰ndl. Dorf"
"24";7;1200;"m‰nnlich";27;"mittlere Reife";"Mittel-,Kleinstadt"
"25";8;3400;"m‰nnlich";51;"Volks-,Hauptschule";"Groﬂstadt"
"26";6;1200;"m‰nnlich";55;"mittlere Reife";"Mittel-,Kleinstadt"
"27";9;1300;"weiblich";64;"Volks-,Hauptschule";"l‰ndl. Dorf"
"28";8;1700;"weiblich";50;"Fachhochschulreife";"Groﬂstadt"
"29";7;1400;"weiblich";36;"mittlere Reife";"l‰ndl. Dorf"
"30";9;3200;"m‰nnlich";51;"Hochschulreife";"Vorort Groﬂstadt"
"31";8;2050;"weiblich";53;"mittlere Reife";"Mittel-,Kleinstadt"
"32";8;1400;"weiblich";48;"Volks-,Hauptschule";"Mittel-,Kleinstadt"
"33";10;450;"weiblich";38;"mittlere Reife";"l‰ndl. Dorf"
"34";8;617;"m‰nnlich";19;"Volks-,Hauptschule";"Groﬂstadt"
"35";9;3500;"m‰nnlich";44;"Fachhochschulreife";"Mittel-,Kleinstadt"
"36";8;800;"weiblich";50;"Volks-,Hauptschule";"l‰ndl. Dorf"
"37";8;700;"weiblich";58;"mittlere Reife";"Groﬂstadt"
"38";8;2000;"weiblich";57;"Fachhochschulreife";"Mittel-,Kleinstadt"
"39";8;1200;"weiblich";25;"Hochschulreife";"l‰ndl. Dorf"
"40";9;3000;"m‰nnlich";33;"mittlere Reife";"l‰ndl. Dorf"
"41";9;3000;"weiblich";36;"Hochschulreife";"Groﬂstadt"
"42";8;3300;"m‰nnlich";58;"Fachhochschulreife";"l‰ndl. Dorf"
"43";9;2000;"m‰nnlich";29;"mittlere Reife";"Mittel-,Kleinstadt"
"44";7;2800;"weiblich";41;"Hochschulreife";"Groﬂstadt"
"45";8;2000;"m‰nnlich";41;"Volks-,Hauptschule";"l‰ndl. Dorf"
"46";8;900;"weiblich";36;"Fachhochschulreife";"l‰ndl. Dorf"
"47";10;2500;"m‰nnlich";51;"Hochschulreife";"Groﬂstadt"
"48";8;2900;"m‰nnlich";48;"mittlere Reife";"l‰ndl. Dorf"
"49";8;3400;"m‰nnlich";43;"anderen Abschluss";"l‰ndl. Dorf"
"50";7;750;"weiblich";33;"mittlere Reife";"l‰ndl. Dorf"
"51";8;2000;"m‰nnlich";53;"Volks-,Hauptschule";"l‰ndl. Dorf"
"52";9;5000;"m‰nnlich";60;"Fachhochschulreife";"Mittel-,Kleinstadt"
"53";7;800;"weiblich";22;"Hochschulreife";"Mittel-,Kleinstadt"
"54";9;850;"m‰nnlich";43;"Hochschulreife";"Mittel-,Kleinstadt"
"55";6;1480;"m‰nnlich";31;"Fachhochschulreife";"Groﬂstadt"
"56";10;3500;"m‰nnlich";31;"Hochschulreife";"l‰ndl. Dorf"
"57";8;2000;"m‰nnlich";32;"Fachhochschulreife";"Mittel-,Kleinstadt"
"58";9;2800;"weiblich";55;"Hochschulreife";"Mittel-,Kleinstadt"
"59";4;2700;"m‰nnlich";26;"mittlere Reife";"Groﬂstadt"
"60";8;1900;"m‰nnlich";45;"Hochschulreife";"Mittel-,Kleinstadt"
"61";8;2600;"weiblich";58;"Hochschulreife";"Vorort Groﬂstadt"
"62";8;2300;"weiblich";57;"mittlere Reife";"l‰ndl. Dorf"
"63";7;3000;"weiblich";33;"Hochschulreife";"Groﬂstadt"
"64";6;1000;"weiblich";42;"mittlere Reife";"l‰ndl. Dorf"
"65";8;2000;"m‰nnlich";23;"mittlere Reife";"l‰ndl. Dorf"
"66";8;2800;"m‰nnlich";35;"mittlere Reife";"Mittel-,Kleinstadt"
"67";8;1200;"m‰nnlich";39;"Volks-,Hauptschule";"Groﬂstadt"
"68";7;1950;"m‰nnlich";47;"Volks-,Hauptschule";"l‰ndl. Dorf"
"69";4;950;"m‰nnlich";54;"Volks-,Hauptschule";"Einzelhaus, Land"
"70";9;4037;"m‰nnlich";36;"Hochschulreife";"Mittel-,Kleinstadt"
"71";7;350;"weiblich";19;"Hochschulreife";"Vorort Groﬂstadt"
"72";9;2000;"weiblich";46;"Hochschulreife";"Groﬂstadt"
"73";10;2000;"m‰nnlich";27;"Fachhochschulreife";"l‰ndl. Dorf"
"74";8;500;"m‰nnlich";58;"mittlere Reife";"l‰ndl. Dorf"
"75";7;800;"m‰nnlich";51;"Hochschulreife";"l‰ndl. Dorf"
"76";8;2000;"m‰nnlich";58;"Volks-,Hauptschule";"Mittel-,Kleinstadt"
"77";10;1400;"weiblich";54;"mittlere Reife";"l‰ndl. Dorf"
"78";7;1100;"m‰nnlich";35;"Volks-,Hauptschule";"Groﬂstadt"
"79";8;3000;"m‰nnlich";59;"mittlere Reife";"Vorort Groﬂstadt"
"80";9;1970;"weiblich";29;"Hochschulreife";"Groﬂstadt"
"81";9;2850;"weiblich";38;"Hochschulreife";"Groﬂstadt"
"82";8;960;"m‰nnlich";33;"Hochschulreife";"l‰ndl. Dorf"
"83";7;1600;"m‰nnlich";31;"mittlere Reife";"l‰ndl. Dorf"
"84";8;1192;"weiblich";59;"mittlere Reife";"Mittel-,Kleinstadt"
"85";9;6500;"weiblich";55;"Hochschulreife";"Vorort Groﬂstadt"
"86";8;4100;"m‰nnlich";49;"Hochschulreife";"Vorort Groﬂstadt"
"87";9;2200;"weiblich";53;"mittlere Reife";"Mittel-,Kleinstadt"
"88";9;1500;"weiblich";63;"Fachhochschulreife";"Groﬂstadt"
"89";7;750;"weiblich";30;"mittlere Reife";"Mittel-,Kleinstadt"
"90";8;1800;"m‰nnlich";39;"Volks-,Hauptschule";"l‰ndl. Dorf"
"91";8;1600;"m‰nnlich";46;"Hochschulreife";"Mittel-,Kleinstadt"
"92";3;1300;"m‰nnlich";54;"Hochschulreife";"Groﬂstadt"
"93";6;2000;"weiblich";45;"Fachhochschulreife";"Groﬂstadt"
"94";10;3000;"m‰nnlich";32;"Fachhochschulreife";"Mittel-,Kleinstadt"
"95";8;3300;"m‰nnlich";50;"Fachhochschulreife";"Vorort Groﬂstadt"
"96";8;1000;"weiblich";55;"mittlere Reife";"l‰ndl. Dorf"
"97";10;4500;"weiblich";57;"Hochschulreife";"Mittel-,Kleinstadt"
"98";9;1000;"weiblich";41;"Hochschulreife";"Groﬂstadt"
"99";9;2600;"weiblich";52;"Fachhochschulreife";"Vorort Groﬂstadt"
"100";7;1300;"m‰nnlich";59;"mittlere Reife";"Mittel-,Kleinstadt"
"101";8;1500;"weiblich";66;"Volks-,Hauptschule";"l‰ndl. Dorf"
"102";9;817;"m‰nnlich";21;"Hochschulreife";"Mittel-,Kleinstadt"
"103";3;1300;"weiblich";44;"Volks-,Hauptschule";"Mittel-,Kleinstadt"
"104";9;1450;"m‰nnlich";24;"Volks-,Hauptschule";"l‰ndl. Dorf"
"105";9;3000;"m‰nnlich";67;"Hochschulreife";"Groﬂstadt"
"106";8;2500;"m‰nnlich";45;"Hochschulreife";"l‰ndl. Dorf"
"107";9;2200;"weiblich";41;"Hochschulreife";"l‰ndl. Dorf"
"108";8;2000;"m‰nnlich";51;"Hochschulreife";"Mittel-,Kleinstadt"
"109";8;5000;"m‰nnlich";42;"Hochschulreife";"Mittel-,Kleinstadt"
"110";8;1800;"m‰nnlich";62;"mittlere Reife";"Mittel-,Kleinstadt"
"111";6;1900;"m‰nnlich";26;"mittlere Reife";"Mittel-,Kleinstadt"
"112";8;1000;"m‰nnlich";26;"Hochschulreife";"Mittel-,Kleinstadt"
"113";9;1700;"m‰nnlich";30;"mittlere Reife";"Vorort Groﬂstadt"
"114";6;1600;"weiblich";47;"Hochschulreife";"Mittel-,Kleinstadt"
"115";9;985;"weiblich";56;"mittlere Reife";"Groﬂstadt"
"116";9;1300;"weiblich";28;"Hochschulreife";"l‰ndl. Dorf"
"117";6;1500;"weiblich";57;"Fachhochschulreife";"l‰ndl. Dorf"
"118";9;1700;"m‰nnlich";40;"Hochschulreife";"Groﬂstadt"
"119";8;3200;"weiblich";31;"Hochschulreife";"Mittel-,Kleinstadt"
"120";10;2600;"weiblich";37;"Hochschulreife";"Mittel-,Kleinstadt"
"121";8;2100;"weiblich";43;"Volks-,Hauptschule";"Mittel-,Kleinstadt"
"122";8;1500;"weiblich";40;"Volks-,Hauptschule";"l‰ndl. Dorf"
"123";8;1450;"m‰nnlich";47;"Volks-,Hauptschule";"l‰ndl. Dorf"
"124";9;2100;"m‰nnlich";31;"mittlere Reife";"Mittel-,Kleinstadt"
"125";9;2500;"weiblich";63;"mittlere Reife";"Mittel-,Kleinstadt"
"126";8;3000;"m‰nnlich";41;"mittlere Reife";"Vorort Groﬂstadt"
"127";8;1500;"weiblich";42;"Volks-,Hauptschule";"l‰ndl. Dorf"
"128";9;950;"m‰nnlich";19;"Fachhochschulreife";"l‰ndl. Dorf"
"129";8;1400;"m‰nnlich";30;"Volks-,Hauptschule";"Groﬂstadt"
"130";6;2500;"m‰nnlich";43;"mittlere Reife";"Mittel-,Kleinstadt"
"131";10;1800;"weiblich";33;"Hochschulreife";"Groﬂstadt"
"132";8;2800;"weiblich";50;"Hochschulreife";"Mittel-,Kleinstadt"
"133";9;1788;"m‰nnlich";41;"Volks-,Hauptschule";"l‰ndl. Dorf"
"134";6;1300;"m‰nnlich";61;"Volks-,Hauptschule";"Groﬂstadt"
"135";9;1750;"weiblich";44;"Hochschulreife";"Groﬂstadt"
"136";7;1000;"weiblich";61;"mittlere Reife";"Einzelhaus, Land"
"137";8;1200;"weiblich";51;"mittlere Reife";"Vorort Groﬂstadt"
"138";9;2900;"weiblich";36;"Hochschulreife";"Groﬂstadt"
"139";10;2500;"weiblich";49;"mittlere Reife";"Mittel-,Kleinstadt"
"140";6;1200;"weiblich";36;"Fachhochschulreife";"l‰ndl. Dorf"
"141";8;870;"weiblich";39;"Volks-,Hauptschule";"Vorort Groﬂstadt"
"142";6;1500;"m‰nnlich";26;"mittlere Reife";"l‰ndl. Dorf"
"143";6;1490;"m‰nnlich";50;"Volks-,Hauptschule";"l‰ndl. Dorf"
"144";10;2200;"weiblich";62;"Fachhochschulreife";"Groﬂstadt"
"145";8;1400;"m‰nnlich";25;"Hochschulreife";"Groﬂstadt"
"146";3;900;"weiblich";52;"Volks-,Hauptschule";"Mittel-,Kleinstadt"
"147";7;1400;"weiblich";48;"Volks-,Hauptschule";"l‰ndl. Dorf"
"148";3;1300;"weiblich";32;"Volks-,Hauptschule";"Mittel-,Kleinstadt"
"149";10;2300;"m‰nnlich";23;"mittlere Reife";"Vorort Groﬂstadt"
"150";7;1500;"m‰nnlich";45;"mittlere Reife";"Mittel-,Kleinstadt"
"151";8;560;"weiblich";32;"Volks-,Hauptschule";"Mittel-,Kleinstadt"
"152";9;2600;"weiblich";58;"Hochschulreife";"l‰ndl. Dorf"
"153";7;2400;"m‰nnlich";30;"mittlere Reife";"Mittel-,Kleinstadt"
"154";10;690;"m‰nnlich";29;"mittlere Reife";"Vorort Groﬂstadt"
"155";8;2700;"m‰nnlich";73;"mittlere Reife";"Vorort Groﬂstadt"
"156";10;4000;"weiblich";49;"Hochschulreife";"Mittel-,Kleinstadt"
"157";8;6500;"m‰nnlich";46;"Hochschulreife";"Vorort Groﬂstadt"
"158";9;7500;"m‰nnlich";36;"Hochschulreife";"Groﬂstadt"
"159";6;800;"weiblich";21;"Hochschulreife";"Vorort Groﬂstadt"
"160";7;453;"m‰nnlich";19;"mittlere Reife";"l‰ndl. Dorf"
"161";7;2200;"m‰nnlich";36;"mittlere Reife";"l‰ndl. Dorf"
"162";10;2000;"m‰nnlich";57;"Volks-,Hauptschule";"Mittel-,Kleinstadt"
"163";7;2500;"weiblich";49;"Hochschulreife";"l‰ndl. Dorf"
"164";6;1800;"weiblich";29;"Fachhochschulreife";"Mittel-,Kleinstadt"
"165";8;1600;"weiblich";48;"Fachhochschulreife";"Groﬂstadt"
"166";8;2400;"weiblich";37;"Hochschulreife";"Vorort Groﬂstadt"
"167";9;2500;"weiblich";48;"Hochschulreife";"Groﬂstadt"
"168";7;1100;"weiblich";48;"mittlere Reife";"l‰ndl. Dorf"
"169";5;1900;"m‰nnlich";50;"Volks-,Hauptschule";"Mittel-,Kleinstadt"
"170";8;2100;"m‰nnlich";27;"Hochschulreife";"Mittel-,Kleinstadt"
"171";6;2500;"m‰nnlich";48;"Hochschulreife";"Vorort Groﬂstadt"
"172";9;2500;"weiblich";36;"Hochschulreife";"Vorort Groﬂstadt"
"173";8;2500;"m‰nnlich";57;"Hochschulreife";"Groﬂstadt"
"174";5;2700;"m‰nnlich";61;"Hochschulreife";"Mittel-,Kleinstadt"
"175";8;1800;"weiblich";67;"Hochschulreife";"l‰ndl. Dorf"
"176";8;740;"weiblich";58;"mittlere Reife";"Mittel-,Kleinstadt"
"177";8;2500;"weiblich";49;"mittlere Reife";"Einzelhaus, Land"
"178";7;2300;"m‰nnlich";29;"Hochschulreife";"Groﬂstadt"
"179";8;1700;"m‰nnlich";48;"mittlere Reife";"l‰ndl. Dorf"
"180";8;2100;"weiblich";53;"mittlere Reife";"Groﬂstadt"
"181";8;3500;"m‰nnlich";54;"Fachhochschulreife";"Mittel-,Kleinstadt"
"182";8;3000;"weiblich";51;"Hochschulreife";"Vorort Groﬂstadt"
"183";8;950;"weiblich";35;"mittlere Reife";"Mittel-,Kleinstadt"
"184";9;500;"weiblich";61;"mittlere Reife";"l‰ndl. Dorf"
"185";8;1000;"weiblich";41;"Hochschulreife";"Mittel-,Kleinstadt"
"186";9;1000;"weiblich";44;"mittlere Reife";"Mittel-,Kleinstadt"
"187";9;4000;"m‰nnlich";52;"Hochschulreife";"l‰ndl. Dorf"
"188";9;5000;"m‰nnlich";51;"Hochschulreife";"Groﬂstadt"
"189";7;900;"weiblich";66;"mittlere Reife";"Mittel-,Kleinstadt"
"190";8;1000;"m‰nnlich";61;"mittlere Reife";"l‰ndl. Dorf"
"191";10;5000;"m‰nnlich";60;"Volks-,Hauptschule";"Mittel-,Kleinstadt"
"192";7;3000;"m‰nnlich";35;"Hochschulreife";"Mittel-,Kleinstadt"
"193";9;4300;"weiblich";33;"Hochschulreife";"Vorort Groﬂstadt"
"194";8;690;"weiblich";59;"Volks-,Hauptschule";"l‰ndl. Dorf"
"195";8;2800;"weiblich";48;"Hochschulreife";"Groﬂstadt"
"196";8;2100;"weiblich";49;"mittlere Reife";"Groﬂstadt"
"197";8;2070;"m‰nnlich";38;"mittlere Reife";"l‰ndl. Dorf"
"198";8;1400;"weiblich";49;"mittlere Reife";"Mittel-,Kleinstadt"
"199";7;1860;"weiblich";35;"mittlere Reife";"l‰ndl. Dorf"
"200";7;1200;"m‰nnlich";21;"mittlere Reife";"Mittel-,Kleinstadt"
"201";7;1100;"m‰nnlich";38;"Volks-,Hauptschule";"Groﬂstadt"
"202";5;2000;"m‰nnlich";26;"mittlere Reife";"l‰ndl. Dorf"
"203";9;2600;"weiblich";53;"mittlere Reife";"Groﬂstadt"
"204";5;3500;"weiblich";36;"Hochschulreife";"Mittel-,Kleinstadt"
"205";7;2000;"m‰nnlich";24;"Hochschulreife";"l‰ndl. Dorf"
"206";9;1000;"weiblich";49;"mittlere Reife";"Mittel-,Kleinstadt"
"207";8;700;"weiblich";22;"mittlere Reife";"Mittel-,Kleinstadt"
"208";7;18000;"m‰nnlich";50;"Hochschulreife";"Mittel-,Kleinstadt"
"209";6;450;"m‰nnlich";29;"Hochschulreife";"Vorort Groﬂstadt"
"210";8;1500;"weiblich";61;"mittlere Reife";"l‰ndl. Dorf"
"211";5;1400;"m‰nnlich";34;"mittlere Reife";"l‰ndl. Dorf"
"212";10;1900;"weiblich";30;"Fachhochschulreife";"Mittel-,Kleinstadt"
"213";9;2000;"m‰nnlich";40;"Hochschulreife";"Mittel-,Kleinstadt"
"214";5;2400;"m‰nnlich";61;"mittlere Reife";"l‰ndl. Dorf"
"215";8;2500;"weiblich";57;"mittlere Reife";"Groﬂstadt"
"216";8;2700;"weiblich";57;"mittlere Reife";"l‰ndl. Dorf"
"217";7;3000;"m‰nnlich";34;"Hochschulreife";"Groﬂstadt"
"218";8;3800;"weiblich";45;"Volks-,Hauptschule";"Mittel-,Kleinstadt"
"219";10;3400;"m‰nnlich";51;"mittlere Reife";"l‰ndl. Dorf"
"220";8;1000;"weiblich";47;"Fachhochschulreife";"Mittel-,Kleinstadt"
"221";8;2500;"m‰nnlich";26;"Fachhochschulreife";"Mittel-,Kleinstadt"
"222";10;1000;"weiblich";48;"mittlere Reife";"l‰ndl. Dorf"
"223";8;1350;"weiblich";46;"Fachhochschulreife";"Mittel-,Kleinstadt"
"224";9;1000;"weiblich";25;"Hochschulreife";"Groﬂstadt"
"225";6;2200;"m‰nnlich";45;"Volks-,Hauptschule";"Mittel-,Kleinstadt"
"226";7;2500;"m‰nnlich";55;"Fachhochschulreife";"Mittel-,Kleinstadt"
"227";10;3000;"weiblich";46;"mittlere Reife";"l‰ndl. Dorf"
"228";4;1800;"weiblich";51;"mittlere Reife";"Mittel-,Kleinstadt"
"229";7;1400;"weiblich";60;"mittlere Reife";"Mittel-,Kleinstadt"
"230";9;1900;"weiblich";44;"Fachhochschulreife";"Mittel-,Kleinstadt"
"231";7;2000;"m‰nnlich";47;"Volks-,Hauptschule";"Mittel-,Kleinstadt"
"232";9;3000;"m‰nnlich";41;"Hochschulreife";"Mittel-,Kleinstadt"
"233";8;900;"weiblich";41;"Volks-,Hauptschule";"l‰ndl. Dorf"
"234";9;1500;"m‰nnlich";29;"mittlere Reife";"Mittel-,Kleinstadt"
"235";9;6000;"m‰nnlich";64;"Hochschulreife";"Vorort Groﬂstadt"
"236";9;1500;"m‰nnlich";47;"Volks-,Hauptschule";"Mittel-,Kleinstadt"
"237";10;2300;"weiblich";60;"Hochschulreife";"Groﬂstadt"
"238";6;900;"weiblich";63;"Volks-,Hauptschule";"l‰ndl. Dorf"
"239";6;1300;"weiblich";23;"mittlere Reife";"Mittel-,Kleinstadt"
"240";8;3200;"m‰nnlich";40;"Volks-,Hauptschule";"Groﬂstadt"
"241";5;1300;"weiblich";26;"Volks-,Hauptschule";"Groﬂstadt"
"242";6;1800;"weiblich";42;"Hochschulreife";"l‰ndl. Dorf"
"243";10;2421;"m‰nnlich";58;"mittlere Reife";"Groﬂstadt"
"244";8;2300;"m‰nnlich";34;"Hochschulreife";"Groﬂstadt"
"245";7;800;"weiblich";57;"Volks-,Hauptschule";"l‰ndl. Dorf"
"246";8;3700;"m‰nnlich";36;"mittlere Reife";"l‰ndl. Dorf"
"247";4;1795;"m‰nnlich";31;"Hochschulreife";"Mittel-,Kleinstadt"
"248";10;1100;"weiblich";23;"Hochschulreife";"l‰ndl. Dorf"
"249";8;4500;"m‰nnlich";40;"Hochschulreife";"Groﬂstadt"
"250";9;3000;"m‰nnlich";53;"Hochschulreife";"Mittel-,Kleinstadt"
"251";8;1150;"weiblich";38;"mittlere Reife";"l‰ndl. Dorf"
"252";9;1744;"weiblich";61;"Volks-,Hauptschule";"Mittel-,Kleinstadt"
"253";8;1500;"m‰nnlich";40;"mittlere Reife";"l‰ndl. Dorf"
"254";7;1500;"weiblich";32;"mittlere Reife";"Mittel-,Kleinstadt"
"255";8;2000;"m‰nnlich";56;"Hochschulreife";"Mittel-,Kleinstadt"
"256";8;1356;"m‰nnlich";31;"Fachhochschulreife";"Mittel-,Kleinstadt"
"257";9;2000;"weiblich";36;"mittlere Reife";"l‰ndl. Dorf"
"258";8;1500;"weiblich";31;"Volks-,Hauptschule";"Groﬂstadt"
"259";5;700;"m‰nnlich";32;"Hochschulreife";"Mittel-,Kleinstadt"
"260";10;1120;"m‰nnlich";30;"Hochschulreife";"Groﬂstadt"
"261";9;3000;"weiblich";45;"Hochschulreife";"Vorort Groﬂstadt"
"262";9;1700;"weiblich";32;"mittlere Reife";"l‰ndl. Dorf"
"263";8;2200;"m‰nnlich";38;"mittlere Reife";"l‰ndl. Dorf"
"264";5;1100;"weiblich";56;"mittlere Reife";"Vorort Groﬂstadt"
"265";10;1200;"m‰nnlich";59;"Volks-,Hauptschule";"l‰ndl. Dorf"
"266";7;1500;"weiblich";41;"mittlere Reife";"Einzelhaus, Land"
"267";6;1000;"m‰nnlich";56;"Hochschulreife";"Mittel-,Kleinstadt"
"268";8;1800;"m‰nnlich";45;"Hochschulreife";"l‰ndl. Dorf"
"269";5;1100;"m‰nnlich";48;"Volks-,Hauptschule";"Mittel-,Kleinstadt"
"270";6;2700;"weiblich";54;"Fachhochschulreife";"Groﬂstadt"
"271";8;2200;"weiblich";56;"Hochschulreife";"l‰ndl. Dorf"
"272";9;1500;"m‰nnlich";35;"Volks-,Hauptschule";"l‰ndl. Dorf"
"273";8;1200;"weiblich";55;"Hochschulreife";"l‰ndl. Dorf"
"274";8;2000;"m‰nnlich";35;"mittlere Reife";"Vorort Groﬂstadt"
"275";8;800;"weiblich";44;"Hochschulreife";"l‰ndl. Dorf"
"276";9;1500;"weiblich";40;"Hochschulreife";"Mittel-,Kleinstadt"
"277";7;2100;"m‰nnlich";34;"mittlere Reife";"Vorort Groﬂstadt"
"278";2;2500;"m‰nnlich";40;"Hochschulreife";"Groﬂstadt"
"279";7;2000;"m‰nnlich";50;"mittlere Reife";"Groﬂstadt"
"280";8;2100;"m‰nnlich";27;"mittlere Reife";"Mittel-,Kleinstadt"
"281";7;1780;"m‰nnlich";33;"mittlere Reife";"Mittel-,Kleinstadt"
"282";9;1700;"weiblich";37;"Hochschulreife";"Vorort Groﬂstadt"
"283";8;2000;"m‰nnlich";48;"mittlere Reife";"l‰ndl. Dorf"
"284";9;2200;"weiblich";41;"mittlere Reife";"l‰ndl. Dorf"
"285";7;1900;"m‰nnlich";55;"mittlere Reife";"l‰ndl. Dorf"
"286";8;890;"weiblich";56;"mittlere Reife";"Vorort Groﬂstadt"
"287";8;6000;"m‰nnlich";47;"mittlere Reife";"Mittel-,Kleinstadt"
"288";7;5000;"m‰nnlich";66;"Hochschulreife";"Groﬂstadt"
"289";8;2500;"m‰nnlich";51;"Hochschulreife";"Mittel-,Kleinstadt"
"290";8;3206;"m‰nnlich";31;"Hochschulreife";"Vorort Groﬂstadt"
"291";7;3000;"m‰nnlich";30;"Hochschulreife";"l‰ndl. Dorf"
"292";9;2200;"m‰nnlich";43;"mittlere Reife";"Vorort Groﬂstadt"
"293";7;1600;"weiblich";57;"Fachhochschulreife";"Groﬂstadt"
"294";9;800;"m‰nnlich";18;"Hochschulreife";"l‰ndl. Dorf"
"295";6;1000;"weiblich";60;"mittlere Reife";"Mittel-,Kleinstadt"
"296";10;2400;"m‰nnlich";60;"Volks-,Hauptschule";"l‰ndl. Dorf"
"297";8;1900;"weiblich";28;"Hochschulreife";"Vorort Groﬂstadt"
"298";9;3200;"m‰nnlich";61;"mittlere Reife";"l‰ndl. Dorf"
"299";10;1120;"weiblich";29;"Hochschulreife";"Groﬂstadt"
"300";5;1400;"weiblich";50;"Volks-,Hauptschule";"Groﬂstadt"
"301";9;1800;"m‰nnlich";28;"mittlere Reife";"Mittel-,Kleinstadt"
"302";8;1600;"weiblich";38;"Fachhochschulreife";"l‰ndl. Dorf"
"303";7;1600;"m‰nnlich";58;"mittlere Reife";"l‰ndl. Dorf"
"304";8;2780;"m‰nnlich";51;"Hochschulreife";"Mittel-,Kleinstadt"
"305";9;1700;"m‰nnlich";58;"mittlere Reife";"Vorort Groﬂstadt"
"306";7;1800;"weiblich";62;"mittlere Reife";"Groﬂstadt"
"307";7;1200;"weiblich";59;"Volks-,Hauptschule";"l‰ndl. Dorf"
"308";8;1500;"weiblich";51;"mittlere Reife";"Mittel-,Kleinstadt"
"309";9;2100;"weiblich";25;"Fachhochschulreife";"Mittel-,Kleinstadt"
"310";7;1200;"weiblich";20;"Hochschulreife";"l‰ndl. Dorf"
"311";9;2000;"m‰nnlich";34;"Hochschulreife";"Groﬂstadt"
"312";5;1222;"m‰nnlich";62;"mittlere Reife";"Groﬂstadt"
"313";9;1250;"weiblich";61;"Hochschulreife";"Groﬂstadt"
"314";8;500;"weiblich";39;"mittlere Reife";"l‰ndl. Dorf"
"315";7;1300;"m‰nnlich";62;"mittlere Reife";"l‰ndl. Dorf"
"316";3;4000;"weiblich";62;"mittlere Reife";"Groﬂstadt"
"317";5;2150;"m‰nnlich";40;"Volks-,Hauptschule";"Groﬂstadt"
"318";10;6500;"m‰nnlich";34;"Hochschulreife";"Groﬂstadt"
"319";8;7500;"m‰nnlich";66;"Hochschulreife";"Groﬂstadt"
"320";8;4200;"m‰nnlich";37;"mittlere Reife";"Mittel-,Kleinstadt"
"321";7;1250;"m‰nnlich";62;"mittlere Reife";"Mittel-,Kleinstadt"
"322";8;5000;"m‰nnlich";38;"Hochschulreife";"Groﬂstadt"
"323";7;3400;"m‰nnlich";44;"Hochschulreife";"Mittel-,Kleinstadt"
"324";10;1500;"weiblich";61;"Volks-,Hauptschule";"Einzelhaus, Land"
"325";10;2400;"weiblich";34;"Hochschulreife";"Groﬂstadt"
"326";8;1850;"weiblich";40;"Hochschulreife";"Groﬂstadt"
"327";10;2500;"m‰nnlich";54;"Hochschulreife";"Vorort Groﬂstadt"
"328";8;500;"weiblich";42;"Fachhochschulreife";"Mittel-,Kleinstadt"
"329";4;2300;"m‰nnlich";29;"Volks-,Hauptschule";"l‰ndl. Dorf"
"330";9;2200;"m‰nnlich";39;"Hochschulreife";"l‰ndl. Dorf"
"331";7;2900;"m‰nnlich";56;"Hochschulreife";"Vorort Groﬂstadt"
"332";1;530;"m‰nnlich";36;"Fachhochschulreife";"l‰ndl. Dorf"
"333";10;2000;"m‰nnlich";40;"mittlere Reife";"Vorort Groﬂstadt"
"334";8;2800;"m‰nnlich";33;"Hochschulreife";"Groﬂstadt"
"335";10;450;"weiblich";35;"Hochschulreife";"Mittel-,Kleinstadt"
"336";10;650;"weiblich";65;"Volks-,Hauptschule";"Mittel-,Kleinstadt"
"337";6;1500;"m‰nnlich";47;"mittlere Reife";"Mittel-,Kleinstadt"
"338";5;1200;"weiblich";50;"mittlere Reife";"Mittel-,Kleinstadt"
"339";9;950;"weiblich";45;"ohne Abschluss";"Vorort Groﬂstadt"
"340";7;1900;"m‰nnlich";60;"Volks-,Hauptschule";"l‰ndl. Dorf"
"341";8;1000;"weiblich";49;"mittlere Reife";"l‰ndl. Dorf"
"342";7;1400;"m‰nnlich";26;"mittlere Reife";"l‰ndl. Dorf"
"343";8;1944;"weiblich";37;"mittlere Reife";"Mittel-,Kleinstadt"
"344";9;1300;"weiblich";43;"mittlere Reife";"Vorort Groﬂstadt"
"345";7;5100;"m‰nnlich";61;"Hochschulreife";"l‰ndl. Dorf"
"346";8;3100;"weiblich";67;"Hochschulreife";"Mittel-,Kleinstadt"
"347";8;3400;"m‰nnlich";50;"Volks-,Hauptschule";"Vorort Groﬂstadt"
"348";8;1700;"m‰nnlich";62;"Volks-,Hauptschule";"l‰ndl. Dorf"
"349";8;1200;"weiblich";43;"mittlere Reife";"Mittel-,Kleinstadt"
"350";9;2200;"m‰nnlich";43;"Hochschulreife";"Vorort Groﬂstadt"
"351";10;2500;"m‰nnlich";53;"mittlere Reife";"Vorort Groﬂstadt"
"352";9;400;"weiblich";27;"mittlere Reife";"Mittel-,Kleinstadt"
"353";6;2350;"weiblich";28;"Hochschulreife";"Groﬂstadt"
"354";10;1800;"m‰nnlich";25;"Hochschulreife";"l‰ndl. Dorf"
"355";10;3500;"m‰nnlich";36;"Hochschulreife";"Mittel-,Kleinstadt"
"356";8;1280;"weiblich";39;"Volks-,Hauptschule";"Vorort Groﬂstadt"
"357";8;1600;"weiblich";54;"mittlere Reife";"Vorort Groﬂstadt"
"358";8;4000;"weiblich";59;"Hochschulreife";"Groﬂstadt"
"359";9;900;"weiblich";31;"Hochschulreife";"l‰ndl. Dorf"
"360";7;2200;"m‰nnlich";49;"Hochschulreife";"Vorort Groﬂstadt"
"361";6;800;"weiblich";35;"Volks-,Hauptschule";"Mittel-,Kleinstadt"
"362";8;2100;"m‰nnlich";53;"mittlere Reife";"Mittel-,Kleinstadt"
"363";9;5000;"m‰nnlich";54;"Hochschulreife";"Mittel-,Kleinstadt"
"364";2;2800;"m‰nnlich";42;"Fachhochschulreife";"Mittel-,Kleinstadt"
"365";9;2500;"m‰nnlich";28;"Fachhochschulreife";"Groﬂstadt"
"366";8;1800;"weiblich";62;"mittlere Reife";"l‰ndl. Dorf"
"367";7;1600;"m‰nnlich";49;"mittlere Reife";"l‰ndl. Dorf"
"368";8;3700;"m‰nnlich";45;"Hochschulreife";"Vorort Groﬂstadt"
"369";5;1150;"m‰nnlich";46;"mittlere Reife";"Mittel-,Kleinstadt"
"370";9;629;"weiblich";18;"mittlere Reife";"l‰ndl. Dorf"
"371";8;3000;"m‰nnlich";35;"Fachhochschulreife";"l‰ndl. Dorf"
"372";9;1500;"weiblich";52;"mittlere Reife";"l‰ndl. Dorf"
"373";6;3000;"m‰nnlich";53;"Hochschulreife";"Vorort Groﬂstadt"
"374";8;2050;"m‰nnlich";33;"Hochschulreife";"Groﬂstadt"
"375";8;1500;"weiblich";28;"Hochschulreife";"l‰ndl. Dorf"
"376";7;700;"weiblich";53;"mittlere Reife";"Mittel-,Kleinstadt"
"377";10;800;"weiblich";46;"mittlere Reife";"l‰ndl. Dorf"
"378";8;3100;"m‰nnlich";43;"Hochschulreife";"Mittel-,Kleinstadt"
"379";10;4500;"m‰nnlich";38;"mittlere Reife";"l‰ndl. Dorf"
"380";10;1507;"m‰nnlich";27;"mittlere Reife";"Groﬂstadt"
"381";9;3500;"weiblich";60;"Hochschulreife";"Mittel-,Kleinstadt"
"382";10;3000;"m‰nnlich";57;"mittlere Reife";"Mittel-,Kleinstadt"
"383";9;4000;"weiblich";28;"Hochschulreife";"Mittel-,Kleinstadt"
"384";9;1820;"weiblich";32;"Hochschulreife";"Groﬂstadt"
"385";4;5000;"weiblich";67;"Hochschulreife";"Groﬂstadt"
"386";8;2550;"m‰nnlich";31;"Hochschulreife";"Groﬂstadt"
"387";9;1650;"weiblich";54;"mittlere Reife";"l‰ndl. Dorf"
"388";6;800;"m‰nnlich";41;"Volks-,Hauptschule";"Mittel-,Kleinstadt"
"389";8;2800;"m‰nnlich";26;"Hochschulreife";"Vorort Groﬂstadt"
"390";8;1400;"weiblich";37;"mittlere Reife";"Groﬂstadt"
"391";7;1600;"m‰nnlich";34;"Volks-,Hauptschule";"l‰ndl. Dorf"
"392";7;1528;"m‰nnlich";51;"mittlere Reife";"Mittel-,Kleinstadt"
"393";9;850;"m‰nnlich";22;"mittlere Reife";"Mittel-,Kleinstadt"
"394";9;1000;"weiblich";54;"Fachhochschulreife";"l‰ndl. Dorf"
"395";6;2500;"weiblich";63;"Hochschulreife";"Einzelhaus, Land"
"396";9;540;"weiblich";37;"Hochschulreife";"Mittel-,Kleinstadt"
"397";8;1500;"weiblich";31;"mittlere Reife";"l‰ndl. Dorf"
"398";6;540;"weiblich";19;"mittlere Reife";"Mittel-,Kleinstadt"
"399";8;3000;"m‰nnlich";29;"mittlere Reife";"l‰ndl. Dorf"
"400";8;1500;"m‰nnlich";29;"Hochschulreife";"Mittel-,Kleinstadt"
"401";9;2600;"weiblich";38;"Hochschulreife";"Groﬂstadt"
"402";8;1100;"weiblich";56;"Volks-,Hauptschule";"l‰ndl. Dorf"
"403";8;5150;"m‰nnlich";33;"Hochschulreife";"Groﬂstadt"
"404";7;500;"m‰nnlich";60;"Hochschulreife";"Groﬂstadt"
"405";8;1200;"m‰nnlich";28;"mittlere Reife";"l‰ndl. Dorf"
"406";8;5000;"weiblich";51;"Hochschulreife";"Vorort Groﬂstadt"
"407";8;1400;"weiblich";27;"mittlere Reife";"Vorort Groﬂstadt"
"408";9;450;"weiblich";47;"mittlere Reife";"l‰ndl. Dorf"
"409";6;730;"weiblich";58;"mittlere Reife";"Mittel-,Kleinstadt"
"410";9;1100;"weiblich";38;"Hochschulreife";"l‰ndl. Dorf"
"411";9;700;"weiblich";19;"mittlere Reife";"Mittel-,Kleinstadt"
"412";9;1200;"m‰nnlich";57;"mittlere Reife";"Groﬂstadt"
"413";9;580;"m‰nnlich";27;"mittlere Reife";"Einzelhaus, Land"
"414";10;2600;"m‰nnlich";44;"mittlere Reife";"l‰ndl. Dorf"
"415";9;3100;"m‰nnlich";41;"Fachhochschulreife";"l‰ndl. Dorf"
"416";10;555;"weiblich";20;"Volks-,Hauptschule";"Groﬂstadt"
"417";8;850;"m‰nnlich";27;"Hochschulreife";"Groﬂstadt"
"418";8;4500;"weiblich";42;"Hochschulreife";"Groﬂstadt"
"419";6;2500;"m‰nnlich";27;"mittlere Reife";"Mittel-,Kleinstadt"
"420";10;2100;"m‰nnlich";32;"Volks-,Hauptschule";"l‰ndl. Dorf"
"421";7;3000;"m‰nnlich";43;"Hochschulreife";"Groﬂstadt"
"422";9;3500;"m‰nnlich";48;"Hochschulreife";"Mittel-,Kleinstadt"
"423";7;1780;"m‰nnlich";54;"mittlere Reife";"l‰ndl. Dorf"
"424";8;2495;"weiblich";47;"Hochschulreife";"l‰ndl. Dorf"
"425";10;2900;"weiblich";42;"Hochschulreife";"Mittel-,Kleinstadt"
"426";7;1675;"weiblich";28;"mittlere Reife";"Mittel-,Kleinstadt"
"427";3;2200;"m‰nnlich";47;"Volks-,Hauptschule";"Mittel-,Kleinstadt"
"428";8;620;"weiblich";57;"mittlere Reife";"l‰ndl. Dorf"
"429";6;1600;"m‰nnlich";50;"mittlere Reife";"Mittel-,Kleinstadt"
"430";9;2800;"m‰nnlich";53;"Volks-,Hauptschule";"l‰ndl. Dorf"
"431";8;3000;"weiblich";46;"Hochschulreife";"l‰ndl. Dorf"
"432";10;1800;"m‰nnlich";38;"Volks-,Hauptschule";"l‰ndl. Dorf"
"433";8;1100;"weiblich";32;"Hochschulreife";"l‰ndl. Dorf"
"434";8;1600;"m‰nnlich";22;"Volks-,Hauptschule";"l‰ndl. Dorf"
"435";9;903;"weiblich";54;"mittlere Reife";"Groﬂstadt"
"436";6;2270;"m‰nnlich";49;"mittlere Reife";"Vorort Groﬂstadt"
"437";9;3000;"weiblich";46;"Hochschulreife";"Mittel-,Kleinstadt"
"438";7;1200;"weiblich";51;"mittlere Reife";"l‰ndl. Dorf"
"439";6;2700;"m‰nnlich";50;"mittlere Reife";"l‰ndl. Dorf"
"440";9;3200;"m‰nnlich";55;"Volks-,Hauptschule";"l‰ndl. Dorf"
"441";6;1400;"m‰nnlich";49;"Volks-,Hauptschule";"Vorort Groﬂstadt"
"442";8;650;"weiblich";31;"mittlere Reife";"l‰ndl. Dorf"
"443";5;2000;"m‰nnlich";48;"mittlere Reife";"l‰ndl. Dorf"
"444";8;3500;"m‰nnlich";36;"Hochschulreife";"Groﬂstadt"
"445";10;4000;"weiblich";59;"Hochschulreife";"Groﬂstadt"
"446";9;1917;"m‰nnlich";40;"Hochschulreife";"l‰ndl. Dorf"
"447";7;1500;"m‰nnlich";52;"Fachhochschulreife";"Mittel-,Kleinstadt"
"448";7;1650;"weiblich";31;"mittlere Reife";"l‰ndl. Dorf"
"449";5;3100;"m‰nnlich";29;"Hochschulreife";"Groﬂstadt"
"450";7;2000;"weiblich";50;"Fachhochschulreife";"Groﬂstadt"
"451";9;5400;"m‰nnlich";47;"Hochschulreife";"Vorort Groﬂstadt"
"452";4;850;"m‰nnlich";42;"ohne Abschluss";"Mittel-,Kleinstadt"
"453";8;1900;"m‰nnlich";52;"mittlere Reife";"l‰ndl. Dorf"
"454";7;6000;"m‰nnlich";26;"mittlere Reife";"l‰ndl. Dorf"
"455";8;2200;"m‰nnlich";18;"mittlere Reife";"l‰ndl. Dorf"
"456";8;2500;"m‰nnlich";43;"Hochschulreife";"Vorort Groﬂstadt"
"457";8;1100;"m‰nnlich";40;"mittlere Reife";"Mittel-,Kleinstadt"
"458";8;2000;"weiblich";39;"mittlere Reife";"Mittel-,Kleinstadt"
"459";8;2000;"m‰nnlich";57;"Fachhochschulreife";"Vorort Groﬂstadt"
"460";7;1053;"weiblich";33;"Hochschulreife";"Groﬂstadt"
"461";8;1900;"m‰nnlich";60;"mittlere Reife";"Groﬂstadt"
"462";9;1300;"weiblich";48;"mittlere Reife";"l‰ndl. Dorf"
"463";10;1600;"weiblich";49;"mittlere Reife";"l‰ndl. Dorf"
"464";9;2500;"m‰nnlich";22;"Volks-,Hauptschule";"Mittel-,Kleinstadt"
"465";7;2900;"m‰nnlich";51;"mittlere Reife";"l‰ndl. Dorf"
"466";9;1800;"weiblich";65;"Hochschulreife";"Einzelhaus, Land"
"467";5;1150;"weiblich";61;"Volks-,Hauptschule";"Mittel-,Kleinstadt"
"468";7;1900;"weiblich";24;"mittlere Reife";"Mittel-,Kleinstadt"
"469";6;1500;"m‰nnlich";62;"mittlere Reife";"l‰ndl. Dorf"
"470";8;600;"weiblich";61;"mittlere Reife";"l‰ndl. Dorf"
"471";7;800;"weiblich";60;"Volks-,Hauptschule";"l‰ndl. Dorf"
"472";9;2250;"weiblich";48;"Hochschulreife";"Groﬂstadt"
"473";9;2000;"weiblich";52;"Hochschulreife";"Groﬂstadt"
"474";7;2950;"weiblich";45;"Hochschulreife";"Groﬂstadt"
"475";10;1450;"weiblich";59;"Volks-,Hauptschule";"Mittel-,Kleinstadt"
"476";10;2400;"weiblich";32;"Hochschulreife";"Groﬂstadt"
"477";7;1080;"weiblich";43;"mittlere Reife";"l‰ndl. Dorf"
"478";7;1100;"m‰nnlich";26;"Fachhochschulreife";"Mittel-,Kleinstadt"
"479";8;1400;"weiblich";62;"Volks-,Hauptschule";"l‰ndl. Dorf"
"480";8;1100;"weiblich";42;"mittlere Reife";"l‰ndl. Dorf"
"481";8;2000;"m‰nnlich";50;"mittlere Reife";"Mittel-,Kleinstadt"
"482";10;7000;"m‰nnlich";60;"Hochschulreife";"l‰ndl. Dorf"
"483";8;2200;"m‰nnlich";35;"Volks-,Hauptschule";"Mittel-,Kleinstadt"
"484";6;1700;"weiblich";29;"Fachhochschulreife";"Mittel-,Kleinstadt"
"485";8;1200;"m‰nnlich";36;"Volks-,Hauptschule";"l‰ndl. Dorf"
"486";8;1600;"m‰nnlich";49;"mittlere Reife";"Mittel-,Kleinstadt"
"487";8;2700;"m‰nnlich";52;"Fachhochschulreife";"Mittel-,Kleinstadt"
"488";7;2000;"m‰nnlich";59;"Volks-,Hauptschule";"Vorort Groﬂstadt"
"489";5;1600;"weiblich";51;"mittlere Reife";"l‰ndl. Dorf"
"490";8;630;"weiblich";55;"Hochschulreife";"Vorort Groﬂstadt"
"491";8;5000;"m‰nnlich";60;"Hochschulreife";"Mittel-,Kleinstadt"
"492";5;600;"weiblich";61;"mittlere Reife";"l‰ndl. Dorf"
"493";6;3400;"m‰nnlich";56;"Hochschulreife";"Mittel-,Kleinstadt"
"494";8;2200;"m‰nnlich";44;"mittlere Reife";"l‰ndl. Dorf"
"495";5;1200;"m‰nnlich";29;NA;"Groﬂstadt"
"496";9;1000;"weiblich";52;"Hochschulreife";"l‰ndl. Dorf"
"497";10;2300;"m‰nnlich";25;"Fachhochschulreife";"Mittel-,Kleinstadt"
"498";9;1900;"weiblich";24;"mittlere Reife";"l‰ndl. Dorf"
"499";9;750;"weiblich";58;"Volks-,Hauptschule";"l‰ndl. Dorf"
"500";7;500;"weiblich";59;"ohne Abschluss";"Vorort Groﬂstadt"
"501";9;2353;"m‰nnlich";42;"mittlere Reife";"Vorort Groﬂstadt"
"502";10;1700;"m‰nnlich";29;"Hochschulreife";"Groﬂstadt"
"503";7;2400;"m‰nnlich";44;"mittlere Reife";"Vorort Groﬂstadt"
"504";10;1800;"weiblich";31;"Hochschulreife";"Groﬂstadt"
"505";7;4500;"m‰nnlich";56;"Fachhochschulreife";"Vorort Groﬂstadt"
"506";4;1600;"weiblich";26;"Hochschulreife";"Mittel-,Kleinstadt"
"507";8;2600;"m‰nnlich";47;"Hochschulreife";"l‰ndl. Dorf"
"508";8;2000;"m‰nnlich";28;"Fachhochschulreife";"Groﬂstadt"
"509";8;1100;"weiblich";47;"Volks-,Hauptschule";"l‰ndl. Dorf"
"510";7;2500;"m‰nnlich";59;"Hochschulreife";"Vorort Groﬂstadt"
"511";9;2100;"m‰nnlich";45;"Hochschulreife";"Mittel-,Kleinstadt"
"512";8;1200;"weiblich";56;"mittlere Reife";"Mittel-,Kleinstadt"
"513";8;2200;"weiblich";50;"mittlere Reife";"l‰ndl. Dorf"
"514";9;2300;"m‰nnlich";56;"Volks-,Hauptschule";"l‰ndl. Dorf"
"515";8;2500;"m‰nnlich";48;"mittlere Reife";"Vorort Groﬂstadt"
"516";8;3600;"m‰nnlich";60;"mittlere Reife";"l‰ndl. Dorf"
"517";9;1300;"weiblich";35;"mittlere Reife";"Mittel-,Kleinstadt"
"518";9;1500;"weiblich";30;"Fachhochschulreife";"Mittel-,Kleinstadt"
"519";9;680;"weiblich";63;"mittlere Reife";"Groﬂstadt"
"520";10;2500;"weiblich";51;"mittlere Reife";"Groﬂstadt"
"521";8;1300;"m‰nnlich";33;"Hochschulreife";"l‰ndl. Dorf"
"522";9;3000;"m‰nnlich";34;"Hochschulreife";"Groﬂstadt"
"523";9;10000;"m‰nnlich";48;"Hochschulreife";"Vorort Groﬂstadt"
"524";8;4100;"m‰nnlich";64;"Hochschulreife";"Mittel-,Kleinstadt"
"525";9;2000;"m‰nnlich";28;"Hochschulreife";"Groﬂstadt"
"526";8;2100;"m‰nnlich";60;"mittlere Reife";"Mittel-,Kleinstadt"
"527";7;1050;"weiblich";21;"Fachhochschulreife";"Groﬂstadt"
"528";7;1350;"weiblich";43;"mittlere Reife";"Groﬂstadt"
"529";9;3000;"m‰nnlich";53;"mittlere Reife";"Vorort Groﬂstadt"
"530";5;990;"weiblich";54;"Fachhochschulreife";"Groﬂstadt"
"531";9;1600;"weiblich";37;"Hochschulreife";"l‰ndl. Dorf"
"532";10;2600;"weiblich";38;"Hochschulreife";"Vorort Groﬂstadt"
"533";8;2100;"m‰nnlich";41;"mittlere Reife";"Mittel-,Kleinstadt"
"534";6;700;"weiblich";54;"Hochschulreife";"Mittel-,Kleinstadt"
"535";9;2000;"weiblich";56;"mittlere Reife";"Groﬂstadt"
"536";7;2200;"m‰nnlich";38;"Volks-,Hauptschule";"l‰ndl. Dorf"
"537";8;2100;"m‰nnlich";33;"Fachhochschulreife";"Groﬂstadt"
"538";1;1450;"weiblich";52;"mittlere Reife";"l‰ndl. Dorf"
"539";9;1850;"weiblich";22;"Hochschulreife";"l‰ndl. Dorf"
"540";6;1900;"m‰nnlich";51;"Fachhochschulreife";"Groﬂstadt"
"541";9;1375;"weiblich";49;"Hochschulreife";"Groﬂstadt"
"542";9;2900;"weiblich";48;"Hochschulreife";"Vorort Groﬂstadt"
"543";8;1300;"m‰nnlich";60;"mittlere Reife";"Mittel-,Kleinstadt"
"544";8;1200;"weiblich";43;"Hochschulreife";"l‰ndl. Dorf"
"545";7;1300;"m‰nnlich";53;"Fachhochschulreife";"Groﬂstadt"
"546";8;4000;"m‰nnlich";51;"mittlere Reife";"Mittel-,Kleinstadt"
"547";7;1500;"m‰nnlich";55;"mittlere Reife";"Mittel-,Kleinstadt"
"548";10;1400;"m‰nnlich";50;"mittlere Reife";"Mittel-,Kleinstadt"
"549";8;1800;"weiblich";57;"Volks-,Hauptschule";"Groﬂstadt"
"550";7;1800;"m‰nnlich";29;"mittlere Reife";"Groﬂstadt"
"551";10;1500;"weiblich";36;"mittlere Reife";"l‰ndl. Dorf"
"552";7;600;"weiblich";50;"mittlere Reife";"l‰ndl. Dorf"
"553";8;2073;"weiblich";58;"mittlere Reife";"Mittel-,Kleinstadt"
"554";5;600;"weiblich";61;"mittlere Reife";"Vorort Groﬂstadt"
"555";8;3200;"m‰nnlich";63;"mittlere Reife";"l‰ndl. Dorf"
"556";8;1500;"weiblich";37;"mittlere Reife";"Vorort Groﬂstadt"
"557";9;1300;"m‰nnlich";51;"Hochschulreife";"Einzelhaus, Land"
"558";8;1700;"m‰nnlich";52;"anderen Abschluss";"Groﬂstadt"
"559";9;3300;"weiblich";48;"Hochschulreife";"Mittel-,Kleinstadt"
"560";4;1200;"weiblich";52;"mittlere Reife";"Groﬂstadt"
"561";6;3300;"weiblich";67;"Hochschulreife";"Groﬂstadt"
"562";8;3800;"weiblich";59;"Hochschulreife";"Groﬂstadt"
"563";8;1100;"m‰nnlich";25;"mittlere Reife";"l‰ndl. Dorf"
"564";7;2800;"m‰nnlich";57;"Volks-,Hauptschule";"l‰ndl. Dorf"
"565";8;1500;"weiblich";51;"Fachhochschulreife";"Mittel-,Kleinstadt"
"566";7;1900;"m‰nnlich";21;"Hochschulreife";"Vorort Groﬂstadt"
"567";8;2600;"m‰nnlich";31;"Hochschulreife";"Groﬂstadt"
"568";5;1700;"m‰nnlich";30;"mittlere Reife";"Groﬂstadt"
"569";8;2000;"weiblich";50;"Fachhochschulreife";"Groﬂstadt"
"570";8;3000;"m‰nnlich";38;"Hochschulreife";"Mittel-,Kleinstadt"
"571";7;2900;"m‰nnlich";54;"mittlere Reife";"Mittel-,Kleinstadt"
"572";9;2500;"m‰nnlich";45;"Hochschulreife";"Mittel-,Kleinstadt"
"573";6;875;"weiblich";41;"mittlere Reife";"Mittel-,Kleinstadt"
"574";8;3000;"m‰nnlich";60;"Hochschulreife";"Mittel-,Kleinstadt"
"575";9;2200;"weiblich";63;"Fachhochschulreife";"l‰ndl. Dorf"
"576";10;2100;"weiblich";59;"Hochschulreife";"Mittel-,Kleinstadt"
"577";10;600;"weiblich";29;"Volks-,Hauptschule";"Groﬂstadt"
"578";3;2200;"m‰nnlich";52;"Fachhochschulreife";"Vorort Groﬂstadt"
"579";8;1900;"weiblich";47;"mittlere Reife";"l‰ndl. Dorf"
"580";10;1100;"weiblich";36;"Hochschulreife";"Mittel-,Kleinstadt"
"581";9;50;"weiblich";51;"mittlere Reife";"Mittel-,Kleinstadt"
"582";3;1200;"weiblich";34;"Hochschulreife";"Groﬂstadt"
"583";9;1500;"m‰nnlich";33;"Hochschulreife";"Mittel-,Kleinstadt"
"584";9;2300;"m‰nnlich";39;"Fachhochschulreife";"Mittel-,Kleinstadt"
"585";7;2500;"m‰nnlich";48;"mittlere Reife";"Groﬂstadt"
"586";8;1000;"weiblich";56;"Volks-,Hauptschule";"Mittel-,Kleinstadt"
"587";8;1500;"weiblich";51;"mittlere Reife";"l‰ndl. Dorf"
"588";9;3000;"weiblich";62;"Hochschulreife";"l‰ndl. Dorf"
"589";10;1500;"weiblich";37;"mittlere Reife";"l‰ndl. Dorf"
"590";8;3500;"m‰nnlich";64;"Fachhochschulreife";"l‰ndl. Dorf"
"591";6;1100;"weiblich";52;"mittlere Reife";"Mittel-,Kleinstadt"
"592";8;1800;"m‰nnlich";55;"mittlere Reife";"Groﬂstadt"
"593";9;700;"weiblich";41;"mittlere Reife";"Mittel-,Kleinstadt"
"594";8;3000;"m‰nnlich";48;"mittlere Reife";"l‰ndl. Dorf"
"595";8;2200;"m‰nnlich";25;"mittlere Reife";"Groﬂstadt"
"596";7;3200;"weiblich";39;"Hochschulreife";"Mittel-,Kleinstadt"
"597";3;1800;"weiblich";34;"Hochschulreife";"Groﬂstadt"
"598";8;1600;"weiblich";64;"Fachhochschulreife";"l‰ndl. Dorf"
"599";9;1250;"weiblich";48;"mittlere Reife";"Mittel-,Kleinstadt"
"600";8;1000;"weiblich";37;"mittlere Reife";"l‰ndl. Dorf"
"601";10;2500;"weiblich";38;"Hochschulreife";"Groﬂstadt"
"602";5;1300;"m‰nnlich";38;"ohne Abschluss";"Mittel-,Kleinstadt"
"603";7;3000;"weiblich";53;"Hochschulreife";"l‰ndl. Dorf"
"604";9;3500;"weiblich";44;"Hochschulreife";"Mittel-,Kleinstadt"
"605";5;2200;"m‰nnlich";49;"Volks-,Hauptschule";"Mittel-,Kleinstadt"
"606";5;2300;"weiblich";61;"Hochschulreife";"Vorort Groﬂstadt"
"607";7;1400;"weiblich";27;"Hochschulreife";"Groﬂstadt"
"608";10;3000;"m‰nnlich";37;"Fachhochschulreife";"Groﬂstadt"
"609";10;2500;"m‰nnlich";46;"Volks-,Hauptschule";"l‰ndl. Dorf"
"610";9;5000;"m‰nnlich";48;"Hochschulreife";"Vorort Groﬂstadt"
"611";8;700;"weiblich";53;"Hochschulreife";"Vorort Groﬂstadt"
"612";8;929;"weiblich";28;"Fachhochschulreife";"l‰ndl. Dorf"
"613";9;2500;"m‰nnlich";37;"mittlere Reife";"l‰ndl. Dorf"
"614";8;3200;"m‰nnlich";45;"Hochschulreife";"Groﬂstadt"
"615";9;1300;"m‰nnlich";67;"Volks-,Hauptschule";"l‰ndl. Dorf"
"616";9;2300;"weiblich";45;"Fachhochschulreife";"Groﬂstadt"
"617";7;1500;"m‰nnlich";59;"mittlere Reife";"Mittel-,Kleinstadt"
"618";8;4500;"m‰nnlich";44;"mittlere Reife";"Groﬂstadt"
"619";8;1700;"m‰nnlich";57;"Volks-,Hauptschule";"Mittel-,Kleinstadt"
"620";8;900;"weiblich";48;"Volks-,Hauptschule";"l‰ndl. Dorf"
"621";8;1975;"m‰nnlich";49;"mittlere Reife";"l‰ndl. Dorf"
"622";9;4500;"m‰nnlich";32;"Fachhochschulreife";"Groﬂstadt"
"623";10;8000;"m‰nnlich";50;"Hochschulreife";"Vorort Groﬂstadt"
"624";8;4160;"m‰nnlich";54;"Volks-,Hauptschule";"l‰ndl. Dorf"
"625";5;630;"m‰nnlich";41;"mittlere Reife";"Mittel-,Kleinstadt"
"626";8;5000;"m‰nnlich";61;"Hochschulreife";"l‰ndl. Dorf"
"627";7;3500;"m‰nnlich";60;"Volks-,Hauptschule";"l‰ndl. Dorf"
"628";8;2100;"weiblich";31;"Fachhochschulreife";"Groﬂstadt"
"629";4;500;"m‰nnlich";55;"mittlere Reife";"Mittel-,Kleinstadt"
"630";7;1700;"m‰nnlich";50;"mittlere Reife";"Mittel-,Kleinstadt"
"631";7;1000;"weiblich";47;"Hochschulreife";"Mittel-,Kleinstadt"
"632";2;3300;"m‰nnlich";31;"mittlere Reife";"Mittel-,Kleinstadt"
"633";8;1200;"weiblich";35;"mittlere Reife";"Groﬂstadt"
"634";8;2350;"m‰nnlich";35;"Hochschulreife";"Groﬂstadt"
"635";7;1800;"m‰nnlich";28;"Hochschulreife";"l‰ndl. Dorf"
"636";10;1500;"weiblich";62;"Hochschulreife";"Groﬂstadt"
"637";8;8000;"m‰nnlich";68;"Hochschulreife";"Mittel-,Kleinstadt"
"638";8;1500;"weiblich";50;"Hochschulreife";"Mittel-,Kleinstadt"
"639";3;3000;"m‰nnlich";32;"mittlere Reife";"l‰ndl. Dorf"
"640";7;1200;"m‰nnlich";50;"Volks-,Hauptschule";"l‰ndl. Dorf"
"641";9;3000;"m‰nnlich";55;"Fachhochschulreife";"Mittel-,Kleinstadt"
"642";6;1381;"weiblich";24;"mittlere Reife";"Mittel-,Kleinstadt"
"643";5;1000;"m‰nnlich";33;"mittlere Reife";"Groﬂstadt"
"644";7;600;"m‰nnlich";55;"Hochschulreife";"Mittel-,Kleinstadt"
"645";9;2890;"weiblich";62;"Hochschulreife";"Groﬂstadt"
"646";8;5000;"m‰nnlich";54;"Hochschulreife";"Mittel-,Kleinstadt"
"647";9;1800;"weiblich";28;"Fachhochschulreife";"Groﬂstadt"
"648";9;2200;"m‰nnlich";42;"anderen Abschluss";"Mittel-,Kleinstadt"
"649";8;1400;"weiblich";39;"Hochschulreife";"Mittel-,Kleinstadt"
"650";9;850;"m‰nnlich";19;"mittlere Reife";"l‰ndl. Dorf"
"651";8;1800;"m‰nnlich";37;"ohne Abschluss";"Groﬂstadt"
"652";8;1900;"m‰nnlich";48;"mittlere Reife";"Mittel-,Kleinstadt"
"653";8;3000;"m‰nnlich";51;"Hochschulreife";"Mittel-,Kleinstadt"
"654";9;1200;"weiblich";25;"Fachhochschulreife";"Groﬂstadt"
"655";8;1800;"m‰nnlich";52;"mittlere Reife";"l‰ndl. Dorf"
"656";8;3500;"m‰nnlich";37;"Fachhochschulreife";"l‰ndl. Dorf"
"657";8;900;"weiblich";44;"Hochschulreife";"Groﬂstadt"
"658";7;1121;"weiblich";48;"mittlere Reife";"l‰ndl. Dorf"
"659";7;4000;"m‰nnlich";51;"Hochschulreife";"Groﬂstadt"
"660";9;2000;"m‰nnlich";58;"mittlere Reife";"l‰ndl. Dorf"
"661";5;1000;"weiblich";48;"mittlere Reife";"l‰ndl. Dorf"
"662";10;1600;"weiblich";35;"Hochschulreife";"Groﬂstadt"
"663";8;1700;"weiblich";43;"mittlere Reife";"l‰ndl. Dorf"
"664";5;1700;"weiblich";54;"Hochschulreife";"Mittel-,Kleinstadt"
"665";6;1200;"weiblich";62;"mittlere Reife";"Groﬂstadt"
"666";10;500;"weiblich";34;"Volks-,Hauptschule";"l‰ndl. Dorf"
"667";10;1800;"m‰nnlich";63;"Hochschulreife";"Mittel-,Kleinstadt"
"668";8;1100;"weiblich";56;"Hochschulreife";"Groﬂstadt"
"669";9;2500;"m‰nnlich";45;"mittlere Reife";"Groﬂstadt"
"670";8;2500;"weiblich";62;"mittlere Reife";"l‰ndl. Dorf"
"671";7;3300;"m‰nnlich";39;"mittlere Reife";"l‰ndl. Dorf"
"672";7;3500;"m‰nnlich";41;"Hochschulreife";"Mittel-,Kleinstadt"
"673";10;1600;"m‰nnlich";75;"Volks-,Hauptschule";"Mittel-,Kleinstadt"
"674";10;2100;"weiblich";42;"mittlere Reife";"Mittel-,Kleinstadt"
"675";6;1400;"weiblich";35;"mittlere Reife";"l‰ndl. Dorf"
"676";7;2500;"m‰nnlich";37;"Volks-,Hauptschule";"l‰ndl. Dorf"
"677";8;3500;"weiblich";48;"Hochschulreife";"l‰ndl. Dorf"
"678";10;2300;"m‰nnlich";59;"Fachhochschulreife";"l‰ndl. Dorf"
"679";8;2400;"m‰nnlich";25;"Hochschulreife";"l‰ndl. Dorf"
"680";8;3000;"weiblich";32;"Fachhochschulreife";"l‰ndl. Dorf"
"681";8;2000;"m‰nnlich";50;"Hochschulreife";"Groﬂstadt"
"682";8;1200;"weiblich";54;"Hochschulreife";"l‰ndl. Dorf"
"683";8;900;"weiblich";34;"mittlere Reife";"l‰ndl. Dorf"
"684";6;4000;"m‰nnlich";52;"Volks-,Hauptschule";"Mittel-,Kleinstadt"
"685";8;1400;"weiblich";49;"mittlere Reife";"Mittel-,Kleinstadt"
"686";5;1400;"weiblich";60;"Hochschulreife";"Mittel-,Kleinstadt"
"687";3;1100;"weiblich";23;"mittlere Reife";"l‰ndl. Dorf"
"688";8;2500;"m‰nnlich";36;"mittlere Reife";"Mittel-,Kleinstadt"
"689";8;2800;"m‰nnlich";44;"Hochschulreife";"Vorort Groﬂstadt"
"690";6;2400;"weiblich";48;"Hochschulreife";"Vorort Groﬂstadt"
"691";8;3200;"weiblich";30;"Hochschulreife";"Groﬂstadt"
"692";4;2000;"m‰nnlich";35;"mittlere Reife";"Groﬂstadt"
"693";9;2500;"m‰nnlich";55;"Hochschulreife";"l‰ndl. Dorf"
"694";10;4000;"m‰nnlich";60;"Hochschulreife";"Groﬂstadt"
"695";7;1500;"weiblich";44;"Hochschulreife";"l‰ndl. Dorf"
"696";8;1900;"weiblich";57;"mittlere Reife";"Mittel-,Kleinstadt"
"697";9;4500;"m‰nnlich";54;"Hochschulreife";"Groﬂstadt"
"698";8;1700;"weiblich";38;"Hochschulreife";"l‰ndl. Dorf"
"699";9;2000;"m‰nnlich";52;"mittlere Reife";"l‰ndl. Dorf"
"700";7;1300;"m‰nnlich";52;"mittlere Reife";"l‰ndl. Dorf"
"701";9;3500;"m‰nnlich";63;"Hochschulreife";"Groﬂstadt"
"702";10;3700;"m‰nnlich";38;"Hochschulreife";"Groﬂstadt"
"703";8;3000;"m‰nnlich";54;"mittlere Reife";"l‰ndl. Dorf"
"704";9;2300;"m‰nnlich";50;"Volks-,Hauptschule";"Mittel-,Kleinstadt"
"705";7;1300;"weiblich";39;"Hochschulreife";"l‰ndl. Dorf"
"706";8;900;"weiblich";51;"mittlere Reife";"l‰ndl. Dorf"
"707";7;300;"weiblich";49;"mittlere Reife";"Mittel-,Kleinstadt"
"708";8;1400;"weiblich";34;"mittlere Reife";"Mittel-,Kleinstadt"
"709";8;1200;"weiblich";31;"Fachhochschulreife";"Mittel-,Kleinstadt"
"710";6;1500;"m‰nnlich";60;"Hochschulreife";"Mittel-,Kleinstadt"
"711";10;2200;"m‰nnlich";43;"mittlere Reife";"Groﬂstadt"
"712";8;2000;"m‰nnlich";34;"mittlere Reife";"Einzelhaus, Land"
"713";9;2000;"weiblich";50;"mittlere Reife";"Mittel-,Kleinstadt"
"714";9;1300;"weiblich";48;"Hochschulreife";"l‰ndl. Dorf"
"715";8;1700;"m‰nnlich";55;"mittlere Reife";"l‰ndl. Dorf"
"716";9;1200;"m‰nnlich";61;"Volks-,Hauptschule";"l‰ndl. Dorf"
"717";7;2000;"m‰nnlich";53;"Volks-,Hauptschule";"l‰ndl. Dorf"
"718";9;1900;"weiblich";43;"mittlere Reife";"Mittel-,Kleinstadt"
"719";10;350;"weiblich";27;"anderen Abschluss";"l‰ndl. Dorf"
"720";6;1750;"m‰nnlich";49;"Volks-,Hauptschule";"l‰ndl. Dorf"
"721";7;3000;"m‰nnlich";40;"mittlere Reife";"Mittel-,Kleinstadt"
"722";8;3000;"m‰nnlich";43;"mittlere Reife";"Vorort Groﬂstadt"
"723";8;2900;"weiblich";27;"Hochschulreife";"Mittel-,Kleinstadt"
"724";7;1800;"m‰nnlich";55;"mittlere Reife";"l‰ndl. Dorf"
"725";10;1700;"weiblich";52;"Hochschulreife";"Mittel-,Kleinstadt"
"726";10;2400;"weiblich";56;"mittlere Reife";"Groﬂstadt"
"727";7;1500;"weiblich";29;"Hochschulreife";"Mittel-,Kleinstadt"
"728";8;2200;"m‰nnlich";43;"Volks-,Hauptschule";"l‰ndl. Dorf"
"729";8;5500;"m‰nnlich";59;"Hochschulreife";"Mittel-,Kleinstadt"
"730";9;450;"weiblich";56;"mittlere Reife";"l‰ndl. Dorf"
"731";9;2950;"weiblich";29;"Hochschulreife";"Groﬂstadt"
"732";7;1500;"m‰nnlich";57;"mittlere Reife";"Mittel-,Kleinstadt"
"733";8;4600;"m‰nnlich";41;"Fachhochschulreife";"Vorort Groﬂstadt"
"734";9;2200;"weiblich";52;"Hochschulreife";"Groﬂstadt"
"735";8;5500;"m‰nnlich";64;"mittlere Reife";"Mittel-,Kleinstadt"
"736";8;2300;"m‰nnlich";27;"Hochschulreife";"Mittel-,Kleinstadt"
"737";8;1700;"weiblich";61;"mittlere Reife";"l‰ndl. Dorf"
"738";7;980;"weiblich";57;"mittlere Reife";"Groﬂstadt"
"739";6;2200;"m‰nnlich";55;"Volks-,Hauptschule";"Mittel-,Kleinstadt"
"740";7;2000;"m‰nnlich";54;"Volks-,Hauptschule";"Vorort Groﬂstadt"
"741";7;1200;"weiblich";46;"mittlere Reife";"l‰ndl. Dorf"
"742";8;1000;"weiblich";53;"mittlere Reife";"l‰ndl. Dorf"
"743";9;2500;"weiblich";48;"Fachhochschulreife";"Groﬂstadt"
"744";5;1180;"m‰nnlich";27;"Volks-,Hauptschule";"Mittel-,Kleinstadt"
"745";8;2000;"m‰nnlich";44;"Fachhochschulreife";"l‰ndl. Dorf"
"746";9;2200;"weiblich";63;"Hochschulreife";"l‰ndl. Dorf"
"747";8;2600;"m‰nnlich";59;"Fachhochschulreife";"Groﬂstadt"
"748";8;3000;"m‰nnlich";45;"Hochschulreife";"l‰ndl. Dorf"
"749";9;4000;"m‰nnlich";57;"mittlere Reife";"Mittel-,Kleinstadt"
"750";8;1900;"m‰nnlich";25;"Fachhochschulreife";"Mittel-,Kleinstadt"
"751";8;871;"weiblich";37;"Hochschulreife";"Mittel-,Kleinstadt"
"752";7;1100;"weiblich";39;"mittlere Reife";"Mittel-,Kleinstadt"
"753";10;800;"weiblich";62;"Volks-,Hauptschule";"Groﬂstadt"
"754";8;1700;"weiblich";31;"Volks-,Hauptschule";"l‰ndl. Dorf"
"755";6;1100;"m‰nnlich";59;"Hochschulreife";"Mittel-,Kleinstadt"
"756";8;3400;"m‰nnlich";28;"Hochschulreife";"l‰ndl. Dorf"
"757";9;1700;"m‰nnlich";49;"Hochschulreife";"Groﬂstadt"
"758";7;1700;"weiblich";30;"mittlere Reife";"Mittel-,Kleinstadt"
"759";8;1700;"m‰nnlich";49;"mittlere Reife";"l‰ndl. Dorf"
"760";9;2400;"weiblich";54;"Volks-,Hauptschule";"Vorort Groﬂstadt"
"761";6;1800;"m‰nnlich";29;"Hochschulreife";"Mittel-,Kleinstadt"
"762";8;1100;"m‰nnlich";58;"mittlere Reife";"l‰ndl. Dorf"
"763";9;1690;"weiblich";29;"mittlere Reife";"l‰ndl. Dorf"
"764";8;2000;"m‰nnlich";29;"Hochschulreife";"Groﬂstadt"
"765";9;1600;"m‰nnlich";43;"Volks-,Hauptschule";"Mittel-,Kleinstadt"
"766";9;4000;"m‰nnlich";59;"Hochschulreife";"Groﬂstadt"
"767";10;1500;"m‰nnlich";42;"Hochschulreife";"Mittel-,Kleinstadt"
"768";2;1200;"weiblich";58;"mittlere Reife";"Mittel-,Kleinstadt"
"769";7;3500;"weiblich";49;"Hochschulreife";"Vorort Groﬂstadt"
"770";8;2500;"m‰nnlich";30;"Volks-,Hauptschule";"Vorort Groﬂstadt"
"771";7;1800;"m‰nnlich";50;"Volks-,Hauptschule";"Groﬂstadt"
"772";9;1800;"m‰nnlich";56;"mittlere Reife";"l‰ndl. Dorf"
"773";8;750;"weiblich";45;"Volks-,Hauptschule";"Mittel-,Kleinstadt"
"774";7;3300;"m‰nnlich";40;"Hochschulreife";"Mittel-,Kleinstadt"
"775";9;1250;"weiblich";39;"Hochschulreife";"l‰ndl. Dorf"
"776";10;2400;"weiblich";43;"mittlere Reife";"Mittel-,Kleinstadt"
"777";8;2600;"m‰nnlich";51;"Hochschulreife";"Groﬂstadt"
"778";9;1000;"weiblich";23;"Hochschulreife";"Groﬂstadt"
"779";8;8000;"m‰nnlich";44;"Hochschulreife";"Vorort Groﬂstadt"
"780";7;920;"m‰nnlich";51;"Volks-,Hauptschule";"Mittel-,Kleinstadt"
"781";7;3100;"m‰nnlich";53;"Volks-,Hauptschule";"l‰ndl. Dorf"
"782";2;1350;"weiblich";61;"mittlere Reife";"l‰ndl. Dorf"
"783";9;4100;"m‰nnlich";54;"mittlere Reife";"l‰ndl. Dorf"
"784";7;1100;"m‰nnlich";56;"mittlere Reife";"Mittel-,Kleinstadt"
"785";10;1100;"weiblich";20;"Volks-,Hauptschule";"l‰ndl. Dorf"
"786";8;1900;"weiblich";51;"mittlere Reife";"Groﬂstadt"
"787";8;1400;"m‰nnlich";56;"Volks-,Hauptschule";"l‰ndl. Dorf"
"788";7;1800;"m‰nnlich";52;"Hochschulreife";"Groﬂstadt"
"789";2;1700;"weiblich";41;"Hochschulreife";"Mittel-,Kleinstadt"
"790";9;1900;"weiblich";36;"Hochschulreife";"Mittel-,Kleinstadt"
"791";9;3400;"m‰nnlich";44;"Volks-,Hauptschule";"l‰ndl. Dorf"
"792";7;3500;"m‰nnlich";61;"Fachhochschulreife";"Mittel-,Kleinstadt"
"793";8;2200;"m‰nnlich";52;"mittlere Reife";"l‰ndl. Dorf"
"794";7;1300;"weiblich";34;"mittlere Reife";"Vorort Groﬂstadt"
"795";9;5000;"m‰nnlich";44;"Hochschulreife";"Groﬂstadt"
"796";10;3200;"weiblich";41;"Hochschulreife";"Mittel-,Kleinstadt"
"797";9;2600;"weiblich";61;"Hochschulreife";"l‰ndl. Dorf"
"798";8;1700;"m‰nnlich";36;"Volks-,Hauptschule";"l‰ndl. Dorf"
"799";9;2500;"m‰nnlich";56;"Fachhochschulreife";"Groﬂstadt"
"800";7;2200;"m‰nnlich";46;"Volks-,Hauptschule";"l‰ndl. Dorf"
"801";8;1200;"weiblich";34;"Hochschulreife";"l‰ndl. Dorf"
"802";8;2700;"m‰nnlich";48;"mittlere Reife";"Groﬂstadt"
"803";6;3700;"m‰nnlich";29;"Fachhochschulreife";"Vorort Groﬂstadt"
"804";7;2100;"m‰nnlich";41;"Volks-,Hauptschule";"Groﬂstadt"
"805";8;2800;"m‰nnlich";26;"Hochschulreife";"l‰ndl. Dorf"
"806";6;1800;"m‰nnlich";31;"mittlere Reife";"Vorort Groﬂstadt"
"807";8;3000;"m‰nnlich";55;"Hochschulreife";"Mittel-,Kleinstadt"
"808";7;2000;"m‰nnlich";60;"Volks-,Hauptschule";"l‰ndl. Dorf"
"809";8;3900;"m‰nnlich";60;"mittlere Reife";"Groﬂstadt"
"810";8;1900;"m‰nnlich";31;"Hochschulreife";"l‰ndl. Dorf"
"811";7;4700;"m‰nnlich";53;"mittlere Reife";"Vorort Groﬂstadt"
"812";9;2500;"m‰nnlich";55;"Hochschulreife";"Mittel-,Kleinstadt"
"813";9;1200;"weiblich";47;"Hochschulreife";"l‰ndl. Dorf"
"814";5;1000;"weiblich";35;"mittlere Reife";"Mittel-,Kleinstadt"
"815";7;500;"m‰nnlich";19;"Volks-,Hauptschule";"Mittel-,Kleinstadt"
"816";0;1018;"weiblich";59;"mittlere Reife";"Mittel-,Kleinstadt"
"817";8;1000;"weiblich";32;"Hochschulreife";"Mittel-,Kleinstadt"
"818";9;5000;"m‰nnlich";56;"mittlere Reife";"Einzelhaus, Land"
"819";7;800;"weiblich";51;"Volks-,Hauptschule";"Mittel-,Kleinstadt"
"820";9;2400;"m‰nnlich";58;"mittlere Reife";"l‰ndl. Dorf"
"821";7;1850;"m‰nnlich";26;"Volks-,Hauptschule";"Mittel-,Kleinstadt"
"822";9;4500;"m‰nnlich";55;"Hochschulreife";"l‰ndl. Dorf"
"823";8;2400;"m‰nnlich";34;"Fachhochschulreife";"Mittel-,Kleinstadt"
"824";8;2500;"m‰nnlich";32;"Hochschulreife";"Mittel-,Kleinstadt"
"825";9;5000;"m‰nnlich";49;"Hochschulreife";"Mittel-,Kleinstadt"
"826";9;1600;"m‰nnlich";33;"mittlere Reife";"l‰ndl. Dorf"
"827";9;1500;"weiblich";55;"Hochschulreife";"Mittel-,Kleinstadt"
"828";6;2600;"m‰nnlich";49;"Fachhochschulreife";"l‰ndl. Dorf"
"829";8;2400;"weiblich";51;"Hochschulreife";"Mittel-,Kleinstadt"
"830";8;1700;"m‰nnlich";21;"mittlere Reife";"l‰ndl. Dorf"
"831";9;1100;"weiblich";61;"Volks-,Hauptschule";"l‰ndl. Dorf"
"832";5;1000;"weiblich";56;"Hochschulreife";"Groﬂstadt"
"833";9;1000;"weiblich";40;"Hochschulreife";"Mittel-,Kleinstadt"
"834";9;3100;"m‰nnlich";29;"Hochschulreife";"l‰ndl. Dorf"
"835";5;1000;"weiblich";53;"Volks-,Hauptschule";"l‰ndl. Dorf"
"836";8;2000;"weiblich";26;"Hochschulreife";"Vorort Groﬂstadt"
"837";9;2000;"m‰nnlich";36;"Hochschulreife";"Vorort Groﬂstadt"
"838";8;1800;"weiblich";54;"mittlere Reife";"Groﬂstadt"
"839";9;2950;"weiblich";53;"mittlere Reife";"l‰ndl. Dorf"
"840";8;1600;"m‰nnlich";40;"Hochschulreife";"Groﬂstadt"
"841";7;1300;"weiblich";25;"Hochschulreife";"Mittel-,Kleinstadt"
"842";9;4200;"m‰nnlich";48;"Volks-,Hauptschule";"Vorort Groﬂstadt"
"843";7;1400;"m‰nnlich";62;"Hochschulreife";"Vorort Groﬂstadt"
"844";9;3000;"weiblich";44;"Hochschulreife";"Groﬂstadt"
"845";8;3100;"m‰nnlich";58;"Hochschulreife";"Vorort Groﬂstadt"
"846";9;1200;"weiblich";43;"Hochschulreife";"Groﬂstadt"
"847";4;1600;"m‰nnlich";58;"Fachhochschulreife";"Mittel-,Kleinstadt"
"848";9;700;"weiblich";55;"mittlere Reife";"l‰ndl. Dorf"
"849";8;1300;"weiblich";52;"Hochschulreife";"l‰ndl. Dorf"
"850";9;250;"weiblich";29;"Fachhochschulreife";"l‰ndl. Dorf"
"851";9;800;"weiblich";24;"Hochschulreife";"Groﬂstadt"
"852";8;1650;"m‰nnlich";46;"Fachhochschulreife";"Mittel-,Kleinstadt"
"853";8;2000;"weiblich";31;"mittlere Reife";"Mittel-,Kleinstadt"
"854";10;2100;"m‰nnlich";61;"mittlere Reife";"Mittel-,Kleinstadt"
"855";10;1900;"m‰nnlich";30;"Volks-,Hauptschule";"l‰ndl. Dorf"
"856";8;2700;"m‰nnlich";31;"Hochschulreife";"Groﬂstadt"
"857";9;2000;"weiblich";58;"mittlere Reife";"Mittel-,Kleinstadt"
"858";10;1300;"weiblich";54;"Hochschulreife";"l‰ndl. Dorf"
"859";8;3000;"weiblich";51;"Hochschulreife";"Vorort Groﬂstadt"
"860";5;2380;"weiblich";56;"mittlere Reife";"Mittel-,Kleinstadt"
"861";8;1800;"m‰nnlich";50;"mittlere Reife";"l‰ndl. Dorf"
"862";8;5000;"m‰nnlich";58;"Hochschulreife";"Mittel-,Kleinstadt"
"863";9;3500;"m‰nnlich";30;"Fachhochschulreife";"Vorort Groﬂstadt"
"864";6;765;"weiblich";54;"mittlere Reife";"Mittel-,Kleinstadt"
"865";8;1600;"m‰nnlich";28;"mittlere Reife";"l‰ndl. Dorf"
"866";7;2700;"m‰nnlich";52;"Fachhochschulreife";"Mittel-,Kleinstadt"
"867";8;2400;"m‰nnlich";46;"mittlere Reife";"l‰ndl. Dorf"
"868";7;677;"m‰nnlich";58;"mittlere Reife";"Groﬂstadt"
"869";7;3500;"m‰nnlich";30;"Fachhochschulreife";"Groﬂstadt"
"870";9;1800;"weiblich";51;"Hochschulreife";"Groﬂstadt"
"871";8;3100;"m‰nnlich";60;"mittlere Reife";"l‰ndl. Dorf"
"872";9;1600;"weiblich";21;"mittlere Reife";"l‰ndl. Dorf"
"873";8;3000;"weiblich";60;"Hochschulreife";"Mittel-,Kleinstadt"
"874";9;1200;"weiblich";51;"Fachhochschulreife";"Mittel-,Kleinstadt"
"875";9;1500;"weiblich";59;"Volks-,Hauptschule";"Groﬂstadt"
"876";5;200;"weiblich";23;"mittlere Reife";"Mittel-,Kleinstadt"
"877";9;2600;"m‰nnlich";27;"Hochschulreife";"Mittel-,Kleinstadt"
"878";7;3000;"m‰nnlich";46;"Hochschulreife";"Groﬂstadt"
"879";8;1950;"weiblich";44;"mittlere Reife";"l‰ndl. Dorf"
"880";9;3300;"m‰nnlich";60;"Fachhochschulreife";"l‰ndl. Dorf"
"881";8;2400;"m‰nnlich";43;"mittlere Reife";"l‰ndl. Dorf"
"882";9;2100;"m‰nnlich";35;"Hochschulreife";"Groﬂstadt"
"883";7;969;"weiblich";50;"Volks-,Hauptschule";"l‰ndl. Dorf"
"884";4;1400;"m‰nnlich";58;"Fachhochschulreife";"Vorort Groﬂstadt"
"885";7;2400;"m‰nnlich";43;"Hochschulreife";"Groﬂstadt"
"886";0;800;"m‰nnlich";66;"Fachhochschulreife";"Mittel-,Kleinstadt"
"887";7;1600;"m‰nnlich";32;"mittlere Reife";"l‰ndl. Dorf"
"888";9;3600;"weiblich";51;"Hochschulreife";"Mittel-,Kleinstadt"
"889";10;3000;"m‰nnlich";55;"Fachhochschulreife";"Vorort Groﬂstadt"
"890";10;2600;"m‰nnlich";48;"mittlere Reife";"Vorort Groﬂstadt"
"891";9;3000;"m‰nnlich";51;"Hochschulreife";"Mittel-,Kleinstadt"
"892";9;2500;"weiblich";52;"Fachhochschulreife";"l‰ndl. Dorf"
"893";9;545;"m‰nnlich";20;"Fachhochschulreife";"Vorort Groﬂstadt"
"894";6;1000;"weiblich";41;"Fachhochschulreife";"Groﬂstadt"
"895";9;800;"weiblich";43;"Hochschulreife";"l‰ndl. Dorf"
"896";9;1500;"m‰nnlich";36;"Hochschulreife";"Groﬂstadt"
"897";8;1000;"m‰nnlich";64;"mittlere Reife";"Mittel-,Kleinstadt"
"898";8;1600;"m‰nnlich";37;"Hochschulreife";"Groﬂstadt"
"899";9;450;"weiblich";62;"Volks-,Hauptschule";"l‰ndl. Dorf"
"900";10;5500;"m‰nnlich";64;"Hochschulreife";"Groﬂstadt"
"901";7;2000;"m‰nnlich";32;"Hochschulreife";"Mittel-,Kleinstadt"
"902";9;1400;"weiblich";28;"Hochschulreife";"l‰ndl. Dorf"
"903";9;2800;"m‰nnlich";33;"mittlere Reife";"Mittel-,Kleinstadt"
"904";3;2300;"m‰nnlich";37;"mittlere Reife";"l‰ndl. Dorf"
"905";8;1200;"m‰nnlich";21;"anderen Abschluss";"Groﬂstadt"
"906";8;1500;"weiblich";27;"Hochschulreife";"Mittel-,Kleinstadt"
"907";8;4000;"m‰nnlich";48;"Fachhochschulreife";"Groﬂstadt"
"908";8;1200;"weiblich";50;"mittlere Reife";"l‰ndl. Dorf"
"909";8;1500;"m‰nnlich";26;"mittlere Reife";"Mittel-,Kleinstadt"
"910";7;3500;"weiblich";46;"Hochschulreife";"Groﬂstadt"
"911";5;2500;"m‰nnlich";44;"Hochschulreife";"Mittel-,Kleinstadt"
"912";6;1800;"weiblich";56;"mittlere Reife";"Mittel-,Kleinstadt"
"913";8;3000;"m‰nnlich";53;"mittlere Reife";"Groﬂstadt"
"914";9;1200;"weiblich";37;"Fachhochschulreife";"Mittel-,Kleinstadt"
"915";10;3900;"m‰nnlich";43;"mittlere Reife";"l‰ndl. Dorf"
"916";7;580;"weiblich";18;"Volks-,Hauptschule";"Mittel-,Kleinstadt"
"917";8;2200;"weiblich";63;"Hochschulreife";"Mittel-,Kleinstadt"
"918";10;2400;"m‰nnlich";27;"mittlere Reife";"l‰ndl. Dorf"
"919";10;1500;"weiblich";54;"Fachhochschulreife";"l‰ndl. Dorf"
"920";8;2500;"m‰nnlich";38;"Fachhochschulreife";"l‰ndl. Dorf"
"921";9;780;"weiblich";34;"Hochschulreife";"l‰ndl. Dorf"
"922";5;800;"m‰nnlich";43;"Volks-,Hauptschule";"l‰ndl. Dorf"
"923";9;1500;"weiblich";61;"mittlere Reife";"Mittel-,Kleinstadt"
"924";8;3000;"m‰nnlich";41;"Hochschulreife";"Mittel-,Kleinstadt"
"925";8;2300;"weiblich";39;"Hochschulreife";"Groﬂstadt"
"926";10;2000;"weiblich";58;"Volks-,Hauptschule";"l‰ndl. Dorf"
"927";8;3800;"m‰nnlich";32;"Hochschulreife";"Groﬂstadt"
"928";8;1500;"weiblich";53;"mittlere Reife";"Groﬂstadt"
"929";9;1600;"weiblich";38;"mittlere Reife";"Mittel-,Kleinstadt"
"930";9;1600;"m‰nnlich";21;"mittlere Reife";"Mittel-,Kleinstadt"
"931";8;950;"weiblich";22;"Hochschulreife";"Mittel-,Kleinstadt"
"932";7;2000;"m‰nnlich";39;"Fachhochschulreife";"Vorort Groﬂstadt"
"933";8;700;"weiblich";18;"mittlere Reife";"l‰ndl. Dorf"
"934";8;1700;"m‰nnlich";56;"mittlere Reife";"Groﬂstadt"
"935";7;1300;"m‰nnlich";47;"mittlere Reife";"Mittel-,Kleinstadt"
"936";8;1600;"m‰nnlich";29;"Hochschulreife";"Groﬂstadt"
"937";9;1500;"weiblich";42;"Hochschulreife";"Groﬂstadt"
"938";7;850;"weiblich";62;"mittlere Reife";"Mittel-,Kleinstadt"
"939";10;2600;"m‰nnlich";59;"mittlere Reife";"l‰ndl. Dorf"
"940";8;2100;"m‰nnlich";56;"mittlere Reife";"Mittel-,Kleinstadt"
"941";7;1100;"weiblich";55;"mittlere Reife";"l‰ndl. Dorf"
"942";7;2200;"m‰nnlich";45;"Hochschulreife";"Mittel-,Kleinstadt"
"943";10;2600;"m‰nnlich";51;"Volks-,Hauptschule";"l‰ndl. Dorf"
"944";10;900;"weiblich";48;"mittlere Reife";"Mittel-,Kleinstadt"
"945";10;1300;"m‰nnlich";20;"ohne Abschluss";"Groﬂstadt"
"946";10;1600;"weiblich";60;"mittlere Reife";"Mittel-,Kleinstadt"
"947";7;800;"weiblich";50;"mittlere Reife";"l‰ndl. Dorf"
"948";8;1380;"weiblich";42;"Hochschulreife";"Mittel-,Kleinstadt"
"949";8;2000;"m‰nnlich";49;"Volks-,Hauptschule";"l‰ndl. Dorf"
"950";10;700;"weiblich";60;"mittlere Reife";"Groﬂstadt"
"951";8;2500;"m‰nnlich";44;"mittlere Reife";"l‰ndl. Dorf"
"952";10;2000;"weiblich";52;"mittlere Reife";"Groﬂstadt"
"953";9;1800;"weiblich";54;"Hochschulreife";"Groﬂstadt"
"954";8;2800;"m‰nnlich";31;"Fachhochschulreife";"Vorort Groﬂstadt"
"955";7;3000;"m‰nnlich";55;"mittlere Reife";"Mittel-,Kleinstadt"
"956";8;6000;"m‰nnlich";51;"Hochschulreife";"l‰ndl. Dorf"
"957";8;1300;"weiblich";34;"Hochschulreife";"Mittel-,Kleinstadt"
"958";8;2400;"m‰nnlich";56;"mittlere Reife";"l‰ndl. Dorf"
"959";9;2000;"m‰nnlich";26;"Fachhochschulreife";"l‰ndl. Dorf"
"960";8;2200;"m‰nnlich";32;"Hochschulreife";"Groﬂstadt"
"961";8;1700;"m‰nnlich";61;"mittlere Reife";"Mittel-,Kleinstadt"
"962";9;3500;"m‰nnlich";49;"Hochschulreife";"Groﬂstadt"
"963";10;1500;"m‰nnlich";33;"Volks-,Hauptschule";"Groﬂstadt"
"964";10;2300;"m‰nnlich";48;"mittlere Reife";"Mittel-,Kleinstadt"
"965";8;1600;"weiblich";45;"Hochschulreife";"Groﬂstadt"
"966";7;2000;"m‰nnlich";62;"Volks-,Hauptschule";"Vorort Groﬂstadt"
"967";9;2300;"m‰nnlich";58;"Volks-,Hauptschule";"Mittel-,Kleinstadt"
"968";9;5000;"m‰nnlich";68;"Hochschulreife";"Vorort Groﬂstadt"
"969";9;670;"weiblich";58;"mittlere Reife";"Mittel-,Kleinstadt"
"970";8;2500;"weiblich";42;"Hochschulreife";"l‰ndl. Dorf"
"971";9;3000;"m‰nnlich";36;"Hochschulreife";"Vorort Groﬂstadt"
"972";9;2500;"m‰nnlich";39;"mittlere Reife";"Vorort Groﬂstadt"
"973";6;1000;"weiblich";43;"mittlere Reife";"l‰ndl. Dorf"
"974";8;1800;"m‰nnlich";49;"mittlere Reife";"Mittel-,Kleinstadt"
"975";7;1600;"weiblich";56;"Hochschulreife";"Mittel-,Kleinstadt"
"976";7;1300;"weiblich";30;"mittlere Reife";"l‰ndl. Dorf"
"977";10;1000;"weiblich";68;"Hochschulreife";"Groﬂstadt"
"978";9;1500;"weiblich";42;"mittlere Reife";"Groﬂstadt"
"979";8;1200;"m‰nnlich";60;"mittlere Reife";"Mittel-,Kleinstadt"
"980";10;2000;"m‰nnlich";54;"mittlere Reife";"Mittel-,Kleinstadt"
"981";7;3600;"m‰nnlich";62;"Hochschulreife";"Groﬂstadt"
"982";7;1500;"m‰nnlich";36;"Volks-,Hauptschule";"Mittel-,Kleinstadt"
"983";7;1400;"weiblich";47;"Volks-,Hauptschule";"Mittel-,Kleinstadt"
"984";9;3500;"weiblich";43;"Hochschulreife";"l‰ndl. Dorf"
"985";8;900;"weiblich";57;"mittlere Reife";"l‰ndl. Dorf"
"986";2;1100;"m‰nnlich";48;"Volks-,Hauptschule";"Mittel-,Kleinstadt"
"987";10;2000;"m‰nnlich";54;"Hochschulreife";"Vorort Groﬂstadt"
"988";7;2200;"weiblich";52;"Hochschulreife";"Vorort Groﬂstadt"
"989";8;800;"m‰nnlich";22;"mittlere Reife";"Mittel-,Kleinstadt"
"990";6;1500;"m‰nnlich";49;"Volks-,Hauptschule";"l‰ndl. Dorf"
"991";10;5000;"m‰nnlich";78;"Hochschulreife";"Vorort Groﬂstadt"
"992";8;62;"weiblich";33;"mittlere Reife";"Mittel-,Kleinstadt"
"993";9;1100;"m‰nnlich";39;"ohne Abschluss";"l‰ndl. Dorf"
"994";8;700;"weiblich";29;"mittlere Reife";"Vorort Groﬂstadt"
"995";7;2400;"weiblich";49;"mittlere Reife";"Vorort Groﬂstadt"
"996";7;3000;"weiblich";27;"Hochschulreife";"Groﬂstadt"
"997";8;900;"weiblich";59;"mittlere Reife";"l‰ndl. Dorf"
"998";8;1800;"weiblich";56;"mittlere Reife";"Mittel-,Kleinstadt"
"999";8;2800;"m‰nnlich";54;"Volks-,Hauptschule";"l‰ndl. Dorf"
"1000";7;980;"weiblich";33;"mittlere Reife";"Mittel-,Kleinstadt"
"1001";10;1600;"weiblich";60;"mittlere Reife";"Groﬂstadt"
"1002";8;1200;"weiblich";42;"mittlere Reife";"l‰ndl. Dorf"
"1003";9;1400;"weiblich";30;"Hochschulreife";"Groﬂstadt"
"1004";8;1300;"weiblich";58;"mittlere Reife";"l‰ndl. Dorf"
"1005";8;1600;"m‰nnlich";22;"mittlere Reife";"l‰ndl. Dorf"
"1006";7;1500;"weiblich";44;"Hochschulreife";"Mittel-,Kleinstadt"
"1007";5;1200;"m‰nnlich";58;"mittlere Reife";"l‰ndl. Dorf"
"1008";7;990;"weiblich";36;"Hochschulreife";"l‰ndl. Dorf"
"1009";8;4000;"m‰nnlich";47;"mittlere Reife";"Groﬂstadt"
"1010";9;1700;"m‰nnlich";62;"mittlere Reife";"l‰ndl. Dorf"
"1011";8;2500;"m‰nnlich";58;"mittlere Reife";"Mittel-,Kleinstadt"
"1012";7;1150;"m‰nnlich";61;"mittlere Reife";"l‰ndl. Dorf"
"1013";10;3000;"m‰nnlich";40;"Hochschulreife";"Groﬂstadt"
"1014";9;3260;"m‰nnlich";37;"Fachhochschulreife";"Mittel-,Kleinstadt"
"1015";8;650;"weiblich";37;"Volks-,Hauptschule";"l‰ndl. Dorf"
"1016";9;1800;"m‰nnlich";35;"Hochschulreife";"Groﬂstadt"
"1017";8;5000;"m‰nnlich";53;"mittlere Reife";"l‰ndl. Dorf"
"1018";9;1360;"m‰nnlich";24;"Hochschulreife";"l‰ndl. Dorf"
"1019";8;5700;"m‰nnlich";57;"Hochschulreife";"Mittel-,Kleinstadt"
"1020";4;950;"weiblich";58;"Volks-,Hauptschule";"l‰ndl. Dorf"
"1021";8;2000;"m‰nnlich";53;"mittlere Reife";"Mittel-,Kleinstadt"
"1022";9;1000;"weiblich";49;"Hochschulreife";"Mittel-,Kleinstadt"
"1023";7;2000;"m‰nnlich";38;"Hochschulreife";"Groﬂstadt"
"1024";8;1400;"m‰nnlich";30;"mittlere Reife";"Mittel-,Kleinstadt"
"1025";10;1000;"m‰nnlich";28;"ohne Abschluss";"Mittel-,Kleinstadt"
"1026";7;5000;"m‰nnlich";64;"Hochschulreife";"l‰ndl. Dorf"
"1027";6;800;"weiblich";47;"mittlere Reife";"Mittel-,Kleinstadt"
"1028";8;564;"m‰nnlich";21;"mittlere Reife";"Einzelhaus, Land"
"1029";8;1050;"weiblich";57;"mittlere Reife";"Mittel-,Kleinstadt"
"1030";7;1051;"weiblich";21;"Hochschulreife";"Mittel-,Kleinstadt"
"1031";7;3400;"weiblich";53;"Fachhochschulreife";"Mittel-,Kleinstadt"
"1032";7;1500;"weiblich";47;"mittlere Reife";"Mittel-,Kleinstadt"
"1033";6;1200;"weiblich";52;"Fachhochschulreife";"l‰ndl. Dorf"
"1034";7;2000;"m‰nnlich";39;"Hochschulreife";"l‰ndl. Dorf"
"1035";7;2000;"weiblich";55;"Hochschulreife";"l‰ndl. Dorf"
"1036";9;2500;"m‰nnlich";43;"mittlere Reife";"Mittel-,Kleinstadt"
"1037";10;3000;"m‰nnlich";35;"Hochschulreife";"Vorort Groﬂstadt"
"1038";9;1800;"weiblich";56;"Hochschulreife";"l‰ndl. Dorf"
"1039";7;2800;"m‰nnlich";35;"mittlere Reife";"Groﬂstadt"
"1040";7;2700;"m‰nnlich";41;"mittlere Reife";"Vorort Groﬂstadt"
"1041";8;2300;"weiblich";47;"Hochschulreife";"l‰ndl. Dorf"
"1042";8;1300;"weiblich";28;"Fachhochschulreife";"Mittel-,Kleinstadt"
"1043";7;3500;"m‰nnlich";35;"Hochschulreife";"Groﬂstadt"
"1044";6;3500;"m‰nnlich";44;"Volks-,Hauptschule";"Mittel-,Kleinstadt"
"1045";9;1200;"weiblich";60;"mittlere Reife";"Mittel-,Kleinstadt"
"1046";10;4500;"m‰nnlich";39;"Fachhochschulreife";"Groﬂstadt"
"1047";8;1500;"weiblich";36;"Hochschulreife";"Mittel-,Kleinstadt"
"1048";10;1670;"weiblich";53;"mittlere Reife";"Groﬂstadt"
"1049";8;6500;"m‰nnlich";52;"Hochschulreife";"Vorort Groﬂstadt"
"1050";7;1600;"m‰nnlich";43;"Volks-,Hauptschule";"Vorort Groﬂstadt"
"1051";9;2100;"m‰nnlich";40;"Hochschulreife";"Mittel-,Kleinstadt"
"1052";7;2000;"m‰nnlich";52;"Volks-,Hauptschule";"Mittel-,Kleinstadt"
"1053";8;2500;"m‰nnlich";25;"mittlere Reife";"l‰ndl. Dorf"
"1054";8;430;"weiblich";55;"Hochschulreife";"Groﬂstadt"
"1055";5;1500;"m‰nnlich";57;"mittlere Reife";"Groﬂstadt"
"1056";8;900;"weiblich";40;"Volks-,Hauptschule";"l‰ndl. Dorf"
"1057";8;1300;"m‰nnlich";29;"mittlere Reife";"Mittel-,Kleinstadt"
"1058";9;1800;"m‰nnlich";42;"Volks-,Hauptschule";"l‰ndl. Dorf"
"1059";9;2300;"m‰nnlich";35;"Hochschulreife";"l‰ndl. Dorf"
"1060";7;923;"weiblich";46;"Fachhochschulreife";"Mittel-,Kleinstadt"
"1061";8;3000;"weiblich";42;"Hochschulreife";"Mittel-,Kleinstadt"
"1062";9;3000;"m‰nnlich";53;"Hochschulreife";"Groﬂstadt"
"1063";2;1211;"weiblich";29;"Volks-,Hauptschule";"l‰ndl. Dorf"
"1064";9;2000;"m‰nnlich";39;"Volks-,Hauptschule";"Groﬂstadt"
"1065";5;1200;"m‰nnlich";61;"Hochschulreife";"Mittel-,Kleinstadt"
"1066";8;1200;"weiblich";38;"Volks-,Hauptschule";"Mittel-,Kleinstadt"
"1067";9;4000;"weiblich";58;"Hochschulreife";"Vorort Groﬂstadt"
"1068";9;3000;"m‰nnlich";60;"Fachhochschulreife";"Mittel-,Kleinstadt"
"1069";5;1400;"weiblich";25;"mittlere Reife";"l‰ndl. Dorf"
"1070";7;2500;"weiblich";32;"Hochschulreife";"Mittel-,Kleinstadt"
"1071";8;1200;"weiblich";53;"Volks-,Hauptschule";"Groﬂstadt"
"1072";10;3000;"m‰nnlich";56;"mittlere Reife";"Vorort Groﬂstadt"
"1073";9;1350;"m‰nnlich";34;"ohne Abschluss";"Vorort Groﬂstadt"
"1074";10;750;"weiblich";45;"Volks-,Hauptschule";"l‰ndl. Dorf"
"1075";10;1350;"weiblich";53;"mittlere Reife";"l‰ndl. Dorf"
"1076";7;1250;"m‰nnlich";47;"Volks-,Hauptschule";"Groﬂstadt"
"1077";8;1200;"weiblich";49;"mittlere Reife";"Mittel-,Kleinstadt"
"1078";1;1900;"m‰nnlich";56;"Hochschulreife";"l‰ndl. Dorf"
"1079";7;1500;"weiblich";32;"Hochschulreife";"Groﬂstadt"
"1080";10;2800;"m‰nnlich";29;"Hochschulreife";"Groﬂstadt"
"1081";8;1200;"weiblich";35;"Hochschulreife";"Mittel-,Kleinstadt"
"1082";9;4500;"m‰nnlich";62;"Hochschulreife";"Mittel-,Kleinstadt"
"1083";8;1900;"m‰nnlich";61;"mittlere Reife";"Mittel-,Kleinstadt"
"1084";10;575;"weiblich";46;"mittlere Reife";"Groﬂstadt"
"1085";9;2800;"m‰nnlich";41;"Hochschulreife";"Groﬂstadt"
"1086";8;2000;"weiblich";60;"mittlere Reife";"Mittel-,Kleinstadt"
"1087";9;4300;"m‰nnlich";52;"mittlere Reife";"Groﬂstadt"
"1088";8;3800;"m‰nnlich";46;"Volks-,Hauptschule";"Groﬂstadt"
"1089";8;1000;"weiblich";51;"mittlere Reife";"Mittel-,Kleinstadt"
"1090";10;2500;"weiblich";48;"Hochschulreife";"Vorort Groﬂstadt"
"1091";7;900;"weiblich";28;"Fachhochschulreife";"Mittel-,Kleinstadt"
"1092";9;2400;"weiblich";57;"mittlere Reife";"Groﬂstadt"
"1093";7;1000;"weiblich";38;"mittlere Reife";"Vorort Groﬂstadt"
"1094";9;2200;"m‰nnlich";37;"Volks-,Hauptschule";"Mittel-,Kleinstadt"
"1095";10;1500;"m‰nnlich";50;"mittlere Reife";"l‰ndl. Dorf"
"1096";8;180;"m‰nnlich";26;"ohne Abschluss";"Mittel-,Kleinstadt"
"1097";5;2800;"m‰nnlich";62;"mittlere Reife";"Mittel-,Kleinstadt"
"1098";8;1800;"weiblich";21;"Hochschulreife";"l‰ndl. Dorf"
"1099";8;3000;"m‰nnlich";45;"mittlere Reife";"Mittel-,Kleinstadt"
"1100";8;1800;"weiblich";54;"mittlere Reife";"l‰ndl. Dorf"
"1101";8;5500;"m‰nnlich";50;"Hochschulreife";"Groﬂstadt"
"1102";10;3500;"m‰nnlich";62;"Hochschulreife";"Mittel-,Kleinstadt"
"1103";5;800;"weiblich";62;"Volks-,Hauptschule";"Mittel-,Kleinstadt"
"1104";8;2500;"m‰nnlich";27;"Hochschulreife";"Vorort Groﬂstadt"
"1105";8;2600;"m‰nnlich";54;"Volks-,Hauptschule";"l‰ndl. Dorf"
"1106";8;1600;"weiblich";40;"mittlere Reife";"Mittel-,Kleinstadt"
"1107";8;12000;"m‰nnlich";61;"Hochschulreife";"Mittel-,Kleinstadt"
"1108";8;4000;"m‰nnlich";49;"mittlere Reife";"Mittel-,Kleinstadt"
"1109";7;650;"weiblich";57;"Hochschulreife";"l‰ndl. Dorf"
"1110";8;2000;"m‰nnlich";49;"mittlere Reife";"Mittel-,Kleinstadt"
"1111";8;2000;"m‰nnlich";35;"Volks-,Hauptschule";"Groﬂstadt"
"1112";9;600;"weiblich";35;"Hochschulreife";"Mittel-,Kleinstadt"
"1113";6;2000;"m‰nnlich";39;"mittlere Reife";"Mittel-,Kleinstadt"
"1114";9;3600;"m‰nnlich";33;"Hochschulreife";"Groﬂstadt"
"1115";9;2000;"weiblich";36;"Hochschulreife";"Groﬂstadt"
"1116";8;2800;"weiblich";28;"Hochschulreife";"Mittel-,Kleinstadt"
"1117";8;4300;"m‰nnlich";40;"Hochschulreife";"Mittel-,Kleinstadt"
"1118";8;1800;"m‰nnlich";44;"mittlere Reife";"l‰ndl. Dorf"
"1119";3;1200;"weiblich";34;"mittlere Reife";"Groﬂstadt"
"1120";8;1800;"weiblich";50;"mittlere Reife";"Vorort Groﬂstadt"
"1121";7;2500;"m‰nnlich";37;"Hochschulreife";"Groﬂstadt"
"1122";7;1500;"weiblich";60;"mittlere Reife";"l‰ndl. Dorf"
"1123";9;4000;"m‰nnlich";56;"Hochschulreife";"Mittel-,Kleinstadt"
"1124";8;4750;"m‰nnlich";57;"Hochschulreife";"Vorort Groﬂstadt"
"1125";8;3000;"m‰nnlich";35;"Fachhochschulreife";"Vorort Groﬂstadt"
"1126";9;1000;"weiblich";37;"mittlere Reife";"Vorort Groﬂstadt"
"1127";8;2200;"m‰nnlich";37;"Fachhochschulreife";"l‰ndl. Dorf"
"1128";7;3400;"m‰nnlich";44;"Fachhochschulreife";"l‰ndl. Dorf"
"1129";7;2400;"m‰nnlich";37;"Fachhochschulreife";"Mittel-,Kleinstadt"
"1130";8;950;"weiblich";28;"Volks-,Hauptschule";"l‰ndl. Dorf"
"1131";9;500;"weiblich";57;"mittlere Reife";"Mittel-,Kleinstadt"
"1132";6;2500;"m‰nnlich";53;"mittlere Reife";"l‰ndl. Dorf"
"1133";9;3600;"weiblich";33;"Hochschulreife";"l‰ndl. Dorf"
"1134";6;1900;"m‰nnlich";20;"mittlere Reife";"l‰ndl. Dorf"
"1135";9;15000;"m‰nnlich";55;"Hochschulreife";"Vorort Groﬂstadt"
"1136";9;2200;"m‰nnlich";44;"mittlere Reife";"l‰ndl. Dorf"
"1137";7;580;"m‰nnlich";18;"Volks-,Hauptschule";"l‰ndl. Dorf"
"1138";10;1050;"weiblich";54;"Volks-,Hauptschule";"Einzelhaus, Land"
"1139";9;3000;"m‰nnlich";54;"Hochschulreife";"l‰ndl. Dorf"
"1140";9;4000;"m‰nnlich";45;"Fachhochschulreife";"Mittel-,Kleinstadt"
"1141";9;2500;"weiblich";23;"mittlere Reife";"l‰ndl. Dorf"
"1142";10;1900;"weiblich";55;"Hochschulreife";"Mittel-,Kleinstadt"
"1143";8;550;"m‰nnlich";19;"mittlere Reife";"Mittel-,Kleinstadt"
"1144";8;1100;"weiblich";54;"Hochschulreife";"Mittel-,Kleinstadt"
"1145";9;5000;"m‰nnlich";48;"Hochschulreife";"Groﬂstadt"
"1146";7;1300;"weiblich";30;"mittlere Reife";"l‰ndl. Dorf"
"1147";9;2000;"weiblich";35;"mittlere Reife";"Mittel-,Kleinstadt"
"1148";7;1500;"m‰nnlich";60;"mittlere Reife";"l‰ndl. Dorf"
"1149";4;1500;"m‰nnlich";34;"Fachhochschulreife";"Mittel-,Kleinstadt"
"1150";9;1900;"m‰nnlich";26;"Fachhochschulreife";"l‰ndl. Dorf"
"1151";3;1000;"weiblich";60;"ohne Abschluss";"l‰ndl. Dorf"
"1152";8;2650;"m‰nnlich";53;"Volks-,Hauptschule";"Groﬂstadt"
"1153";10;600;"m‰nnlich";24;"Volks-,Hauptschule";"Mittel-,Kleinstadt"
"1154";8;2300;"m‰nnlich";31;"Volks-,Hauptschule";"l‰ndl. Dorf"
"1155";8;1900;"m‰nnlich";25;"Volks-,Hauptschule";"Mittel-,Kleinstadt"
"1156";8;1200;"m‰nnlich";26;"Hochschulreife";"Groﬂstadt"
"1157";7;3500;"m‰nnlich";35;"Hochschulreife";"Mittel-,Kleinstadt"
"1158";7;1500;"m‰nnlich";32;"Fachhochschulreife";"l‰ndl. Dorf"
"1159";8;4000;"m‰nnlich";55;"Hochschulreife";"Groﬂstadt"
"1160";10;1500;"weiblich";28;"mittlere Reife";"Mittel-,Kleinstadt"
"1161";8;3800;"m‰nnlich";57;"mittlere Reife";"Mittel-,Kleinstadt"
"1162";10;800;"weiblich";37;"mittlere Reife";"Mittel-,Kleinstadt"
"1163";7;760;"weiblich";39;"Fachhochschulreife";"Mittel-,Kleinstadt"
"1164";9;2000;"weiblich";35;"Hochschulreife";"Groﬂstadt"
"1165";8;3600;"m‰nnlich";60;"Hochschulreife";"Mittel-,Kleinstadt"
"1166";5;1200;"m‰nnlich";44;"Hochschulreife";"Groﬂstadt"
"1167";9;2200;"m‰nnlich";52;"mittlere Reife";"Mittel-,Kleinstadt"
"1168";9;1850;"weiblich";27;"Hochschulreife";"Groﬂstadt"
"1169";10;2000;"weiblich";44;"mittlere Reife";"Mittel-,Kleinstadt"
"1170";8;5548;"m‰nnlich";41;"Hochschulreife";"Groﬂstadt"
"1171";8;250;"weiblich";20;"Hochschulreife";"l‰ndl. Dorf"
"1172";7;2000;"weiblich";60;"mittlere Reife";"Mittel-,Kleinstadt"
"1173";8;4000;"m‰nnlich";40;"Hochschulreife";"Vorort Groﬂstadt"
"1174";6;1700;"m‰nnlich";31;"mittlere Reife";"Vorort Groﬂstadt"
"1175";6;1600;"m‰nnlich";44;"Fachhochschulreife";"Mittel-,Kleinstadt"
"1176";6;1500;"weiblich";38;"Fachhochschulreife";"l‰ndl. Dorf"
"1177";9;3100;"m‰nnlich";28;"Hochschulreife";"Groﬂstadt"
"1178";9;3300;"m‰nnlich";50;"Hochschulreife";"l‰ndl. Dorf"
"1179";10;1550;"weiblich";38;"mittlere Reife";"l‰ndl. Dorf"
"1180";9;1900;"m‰nnlich";35;"Hochschulreife";"Groﬂstadt"
"1181";7;1340;"m‰nnlich";55;"Volks-,Hauptschule";"Mittel-,Kleinstadt"
"1182";8;2700;"m‰nnlich";58;"mittlere Reife";"Groﬂstadt"
"1183";6;1200;"m‰nnlich";26;"Volks-,Hauptschule";"Mittel-,Kleinstadt"
"1184";7;3800;"m‰nnlich";56;"Fachhochschulreife";"Vorort Groﬂstadt"
"1185";7;590;"weiblich";33;"Volks-,Hauptschule";"Groﬂstadt"
"1186";8;1800;"m‰nnlich";38;"Volks-,Hauptschule";"Mittel-,Kleinstadt"
"1187";7;3500;"m‰nnlich";52;"Hochschulreife";"l‰ndl. Dorf"
"1188";9;4500;"m‰nnlich";46;"mittlere Reife";"Groﬂstadt"
"1189";7;3000;"weiblich";56;"Hochschulreife";"Mittel-,Kleinstadt"
"1190";10;5000;"m‰nnlich";45;"Hochschulreife";"Mittel-,Kleinstadt"
"1191";9;5000;"m‰nnlich";45;"Fachhochschulreife";"Groﬂstadt"
"1192";10;1800;"m‰nnlich";44;"Volks-,Hauptschule";"l‰ndl. Dorf"
"1193";6;1800;"m‰nnlich";38;"mittlere Reife";"l‰ndl. Dorf"
"1194";7;4899;"m‰nnlich";52;"Hochschulreife";"l‰ndl. Dorf"
"1195";8;1968;"m‰nnlich";42;"Hochschulreife";"Groﬂstadt"
"1196";8;1000;"m‰nnlich";50;"Hochschulreife";"Vorort Groﬂstadt"
"1197";9;600;"m‰nnlich";19;"mittlere Reife";"Mittel-,Kleinstadt"
"1198";7;1500;"weiblich";47;"mittlere Reife";"l‰ndl. Dorf"
"1199";10;2800;"m‰nnlich";53;"mittlere Reife";"l‰ndl. Dorf"
"1200";9;2000;"weiblich";53;"Hochschulreife";"Groﬂstadt"
"1201";8;2200;"m‰nnlich";46;"Hochschulreife";"Groﬂstadt"
"1202";10;2000;"weiblich";51;"mittlere Reife";"Mittel-,Kleinstadt"
"1203";9;2300;"weiblich";31;"Hochschulreife";"Vorort Groﬂstadt"
"1204";8;1650;"weiblich";27;"Fachhochschulreife";"Mittel-,Kleinstadt"
"1205";5;2800;"weiblich";55;"Hochschulreife";"Groﬂstadt"
"1206";9;1800;"weiblich";30;"Fachhochschulreife";"Groﬂstadt"
"1207";6;2100;"m‰nnlich";42;"Hochschulreife";"Mittel-,Kleinstadt"
"1208";9;1500;"m‰nnlich";20;"Hochschulreife";"Groﬂstadt"
"1209";8;1700;"m‰nnlich";34;"mittlere Reife";"Groﬂstadt"
"1210";10;1450;"m‰nnlich";52;"mittlere Reife";"Mittel-,Kleinstadt"
"1211";9;2300;"weiblich";34;"Hochschulreife";"Groﬂstadt"
"1212";10;2700;"weiblich";52;"Hochschulreife";"Mittel-,Kleinstadt"
"1213";9;5000;"m‰nnlich";38;"Hochschulreife";"Groﬂstadt"
"1214";9;600;"weiblich";37;"mittlere Reife";"Vorort Groﬂstadt"
"1215";9;1200;"weiblich";58;"mittlere Reife";"Mittel-,Kleinstadt"
"1216";5;1500;"m‰nnlich";35;"mittlere Reife";"Groﬂstadt"
"1217";8;1300;"weiblich";27;"Fachhochschulreife";"Groﬂstadt"
"1218";8;600;"weiblich";39;"mittlere Reife";"Mittel-,Kleinstadt"
"1219";8;2600;"m‰nnlich";54;"Volks-,Hauptschule";"Einzelhaus, Land"
"1220";7;1100;"weiblich";61;"mittlere Reife";"Vorort Groﬂstadt"
"1221";10;3000;"m‰nnlich";53;"Hochschulreife";"Groﬂstadt"
"1222";8;1600;"weiblich";23;"mittlere Reife";"l‰ndl. Dorf"
"1223";7;480;"weiblich";57;"Hochschulreife";"Groﬂstadt"
"1224";6;1800;"m‰nnlich";35;"Hochschulreife";"Vorort Groﬂstadt"
"1225";5;1200;"weiblich";41;"Volks-,Hauptschule";"l‰ndl. Dorf"
"1226";8;3000;"m‰nnlich";57;"mittlere Reife";"l‰ndl. Dorf"
"1227";10;1000;"weiblich";31;"Hochschulreife";"Groﬂstadt"
"1228";8;1500;"weiblich";39;"mittlere Reife";"Mittel-,Kleinstadt"
"1229";5;1200;"weiblich";46;"mittlere Reife";"Vorort Groﬂstadt"
"1230";8;1800;"weiblich";31;"mittlere Reife";"l‰ndl. Dorf"
"1231";9;2300;"m‰nnlich";59;"Hochschulreife";"Mittel-,Kleinstadt"
"1232";9;10000;"m‰nnlich";49;"Fachhochschulreife";"Vorort Groﬂstadt"
"1233";8;5000;"m‰nnlich";38;"Hochschulreife";"l‰ndl. Dorf"
"1234";8;1300;"m‰nnlich";46;"mittlere Reife";"Mittel-,Kleinstadt"
"1235";8;5600;"m‰nnlich";58;"Fachhochschulreife";"l‰ndl. Dorf"
"1236";10;400;"weiblich";20;"Volks-,Hauptschule";"Groﬂstadt"
"1237";8;1400;"weiblich";57;"Fachhochschulreife";"Vorort Groﬂstadt"
"1238";8;1100;"weiblich";36;"mittlere Reife";"l‰ndl. Dorf"
"1239";9;4200;"m‰nnlich";59;"Hochschulreife";"Mittel-,Kleinstadt"
"1240";10;1500;"weiblich";46;"Volks-,Hauptschule";"l‰ndl. Dorf"
"1241";6;963;"weiblich";35;"mittlere Reife";"Mittel-,Kleinstadt"
"1242";9;1200;"m‰nnlich";26;"Hochschulreife";"Mittel-,Kleinstadt"
"1243";7;2300;"m‰nnlich";45;"mittlere Reife";"l‰ndl. Dorf"
"1244";9;947;"weiblich";23;"Hochschulreife";"l‰ndl. Dorf"
"1245";10;1500;"m‰nnlich";33;"Hochschulreife";"Mittel-,Kleinstadt"
"1246";8;1000;"m‰nnlich";33;"mittlere Reife";"l‰ndl. Dorf"
"1247";8;2500;"m‰nnlich";29;"Hochschulreife";"Mittel-,Kleinstadt"
"1248";9;4000;"m‰nnlich";46;"Hochschulreife";"Vorort Groﬂstadt"
"1249";8;2000;"m‰nnlich";34;"Hochschulreife";"l‰ndl. Dorf"
"1250";9;1500;"m‰nnlich";21;"Hochschulreife";"Mittel-,Kleinstadt"
"1251";8;1200;"weiblich";37;"ohne Abschluss";"Mittel-,Kleinstadt"
"1252";9;3300;"m‰nnlich";59;"mittlere Reife";"l‰ndl. Dorf"
"1253";9;800;"weiblich";24;"Hochschulreife";"Groﬂstadt"
"1254";7;3500;"m‰nnlich";55;"Hochschulreife";"l‰ndl. Dorf"
"1255";9;1200;"weiblich";57;"mittlere Reife";"l‰ndl. Dorf"
"1256";8;1700;"m‰nnlich";45;"mittlere Reife";"l‰ndl. Dorf"
"1257";9;2000;"weiblich";29;"Hochschulreife";"Mittel-,Kleinstadt"
"1258";7;1500;"m‰nnlich";28;"Hochschulreife";"Mittel-,Kleinstadt"
"1259";7;2400;"m‰nnlich";34;"mittlere Reife";"l‰ndl. Dorf"
"1260";9;3700;"m‰nnlich";42;"Hochschulreife";"Vorort Groﬂstadt"
"1261";9;3400;"m‰nnlich";26;"mittlere Reife";"l‰ndl. Dorf"
"1262";9;580;"weiblich";49;"mittlere Reife";"l‰ndl. Dorf"
"1263";5;1100;"weiblich";57;"mittlere Reife";"Groﬂstadt"
"1264";8;4000;"m‰nnlich";64;"mittlere Reife";"Mittel-,Kleinstadt"
"1265";6;2680;"m‰nnlich";52;"mittlere Reife";"Mittel-,Kleinstadt"
"1266";8;2200;"m‰nnlich";59;"Volks-,Hauptschule";"Mittel-,Kleinstadt"
"1267";8;1200;"m‰nnlich";56;"mittlere Reife";"l‰ndl. Dorf"
"1268";8;1500;"weiblich";29;"Fachhochschulreife";"l‰ndl. Dorf"
"1269";8;1500;"m‰nnlich";27;"mittlere Reife";"Mittel-,Kleinstadt"
"1270";9;5000;"m‰nnlich";49;"Hochschulreife";"Mittel-,Kleinstadt"
"1271";9;1200;"weiblich";53;"mittlere Reife";"Mittel-,Kleinstadt"
"1272";9;600;"m‰nnlich";19;"mittlere Reife";"Mittel-,Kleinstadt"
"1273";8;1800;"m‰nnlich";33;"mittlere Reife";"Mittel-,Kleinstadt"
"1274";8;800;"weiblich";58;"mittlere Reife";"l‰ndl. Dorf"
"1275";8;4000;"m‰nnlich";69;"Volks-,Hauptschule";"Mittel-,Kleinstadt"
"1276";7;500;"m‰nnlich";60;"Volks-,Hauptschule";"Groﬂstadt"
"1277";6;1200;"m‰nnlich";50;"mittlere Reife";"l‰ndl. Dorf"
"1278";9;3900;"m‰nnlich";57;"mittlere Reife";"Mittel-,Kleinstadt"
"1279";8;2000;"weiblich";25;"Fachhochschulreife";"Vorort Groﬂstadt"
"1280";9;3500;"weiblich";58;"Hochschulreife";"Groﬂstadt"
"1281";7;2273;"m‰nnlich";46;"mittlere Reife";"Mittel-,Kleinstadt"
"1282";6;400;"weiblich";50;"mittlere Reife";"Mittel-,Kleinstadt"
"1283";9;2000;"m‰nnlich";25;"mittlere Reife";"l‰ndl. Dorf"
"1284";7;1300;"m‰nnlich";29;"mittlere Reife";"Mittel-,Kleinstadt"
"1285";7;3000;"m‰nnlich";43;"Hochschulreife";"l‰ndl. Dorf"
"1286";8;1600;"weiblich";48;"mittlere Reife";"Vorort Groﬂstadt"
"1287";10;970;"weiblich";38;"mittlere Reife";"l‰ndl. Dorf"
"1288";5;1300;"m‰nnlich";35;"mittlere Reife";"Mittel-,Kleinstadt"
"1289";9;5700;"weiblich";55;"Hochschulreife";"Vorort Groﬂstadt"
"1290";7;750;"weiblich";53;"mittlere Reife";"Mittel-,Kleinstadt"
"1291";6;2800;"m‰nnlich";52;"mittlere Reife";"l‰ndl. Dorf"
"1292";8;1150;"weiblich";45;"mittlere Reife";"Mittel-,Kleinstadt"
"1293";1;800;"m‰nnlich";49;"Fachhochschulreife";"Vorort Groﬂstadt"
"1294";8;3600;"m‰nnlich";52;"mittlere Reife";"Mittel-,Kleinstadt"
"1295";10;2000;"weiblich";65;"mittlere Reife";"l‰ndl. Dorf"
"1296";10;1700;"weiblich";47;"Volks-,Hauptschule";"Mittel-,Kleinstadt"
"1297";7;1500;"m‰nnlich";48;"mittlere Reife";"Groﬂstadt"
"1298";9;4000;"m‰nnlich";49;"Fachhochschulreife";"Groﬂstadt"
"1299";9;1000;"weiblich";66;"Volks-,Hauptschule";"Groﬂstadt"
"1300";10;1300;"weiblich";45;"mittlere Reife";"l‰ndl. Dorf"
"1301";10;1000;"weiblich";22;"Hochschulreife";"l‰ndl. Dorf"
"1302";9;2700;"m‰nnlich";49;"Fachhochschulreife";"l‰ndl. Dorf"
"1303";8;2000;"m‰nnlich";33;"mittlere Reife";"l‰ndl. Dorf"
"1304";7;1620;"weiblich";62;"mittlere Reife";"Vorort Groﬂstadt"
"1305";10;2100;"m‰nnlich";37;"Hochschulreife";"l‰ndl. Dorf"
"1306";5;1500;"m‰nnlich";28;"Volks-,Hauptschule";"l‰ndl. Dorf"
"1307";7;2000;"m‰nnlich";33;"mittlere Reife";"l‰ndl. Dorf"
"1308";8;1500;"weiblich";54;"Hochschulreife";"l‰ndl. Dorf"
"1309";10;450;"weiblich";19;"mittlere Reife";"Mittel-,Kleinstadt"
"1310";7;4000;"m‰nnlich";49;"Hochschulreife";"Groﬂstadt"
"1311";9;2400;"weiblich";57;"Hochschulreife";"Mittel-,Kleinstadt"
"1312";9;750;"weiblich";39;"mittlere Reife";"Mittel-,Kleinstadt"
"1313";7;3500;"weiblich";47;"Hochschulreife";"Vorort Groﬂstadt"
"1314";8;9500;"m‰nnlich";53;"Hochschulreife";"Groﬂstadt"
"1315";8;1500;"m‰nnlich";51;"mittlere Reife";"l‰ndl. Dorf"
"1316";10;2100;"weiblich";36;"Hochschulreife";"Vorort Groﬂstadt"
"1317";10;4500;"m‰nnlich";48;"mittlere Reife";"Groﬂstadt"
"1318";8;1500;"weiblich";44;"Volks-,Hauptschule";"l‰ndl. Dorf"
"1319";8;2500;"m‰nnlich";49;"Volks-,Hauptschule";"l‰ndl. Dorf"
"1320";10;4200;"m‰nnlich";51;"mittlere Reife";"l‰ndl. Dorf"
"1321";9;2000;"m‰nnlich";27;"Hochschulreife";"l‰ndl. Dorf"
"1322";7;3500;"m‰nnlich";52;"Volks-,Hauptschule";"Mittel-,Kleinstadt"
"1323";8;2000;"weiblich";55;"Hochschulreife";"Mittel-,Kleinstadt"
"1324";8;1400;"weiblich";34;"mittlere Reife";"Groﬂstadt"
"1325";7;1300;"m‰nnlich";28;"Volks-,Hauptschule";"Groﬂstadt"
"1326";8;2000;"m‰nnlich";32;"mittlere Reife";"Mittel-,Kleinstadt"
"1327";10;2300;"m‰nnlich";34;"mittlere Reife";"Mittel-,Kleinstadt"
"1328";8;740;"m‰nnlich";21;"Fachhochschulreife";"Vorort Groﬂstadt"
"1329";10;2200;"m‰nnlich";45;"mittlere Reife";"Groﬂstadt"
"1330";8;1500;"m‰nnlich";45;"mittlere Reife";"Mittel-,Kleinstadt"
"1331";7;1800;"m‰nnlich";39;"mittlere Reife";"l‰ndl. Dorf"
"1332";9;1500;"weiblich";40;"mittlere Reife";"Groﬂstadt"
"1333";7;2500;"m‰nnlich";29;"mittlere Reife";"Mittel-,Kleinstadt"
"1334";9;500;"weiblich";51;"mittlere Reife";"l‰ndl. Dorf"
"1335";8;1900;"m‰nnlich";32;"Hochschulreife";"l‰ndl. Dorf"
"1336";6;1200;"m‰nnlich";55;"Volks-,Hauptschule";"l‰ndl. Dorf"
"1337";4;1800;"m‰nnlich";55;"Volks-,Hauptschule";"Mittel-,Kleinstadt"
"1338";8;2500;"m‰nnlich";37;"mittlere Reife";"Vorort Groﬂstadt"
"1339";8;1300;"weiblich";27;"Hochschulreife";"Mittel-,Kleinstadt"
"1340";8;2100;"m‰nnlich";30;"mittlere Reife";"l‰ndl. Dorf"
"1341";9;2100;"m‰nnlich";34;"mittlere Reife";"l‰ndl. Dorf"
"1342";9;2500;"weiblich";59;"Hochschulreife";"Groﬂstadt"
"1343";9;800;"weiblich";57;"mittlere Reife";"Vorort Groﬂstadt"
"1344";8;2700;"m‰nnlich";44;"Hochschulreife";"Groﬂstadt"
"1345";8;1500;"m‰nnlich";22;"Fachhochschulreife";"Groﬂstadt"
"1346";8;1600;"m‰nnlich";41;"mittlere Reife";"l‰ndl. Dorf"
"1347";8;1800;"m‰nnlich";52;"mittlere Reife";"Mittel-,Kleinstadt"
"1348";9;1000;"m‰nnlich";22;"Hochschulreife";"Einzelhaus, Land"
"1349";10;1100;"weiblich";39;"mittlere Reife";"l‰ndl. Dorf"
"1350";9;1200;"weiblich";54;"mittlere Reife";"Mittel-,Kleinstadt"
"1351";9;1500;"weiblich";68;"Volks-,Hauptschule";"l‰ndl. Dorf"
"1352";10;2700;"m‰nnlich";43;"mittlere Reife";"l‰ndl. Dorf"
"1353";6;1300;"m‰nnlich";44;"mittlere Reife";"l‰ndl. Dorf"
"1354";9;2700;"weiblich";45;"Hochschulreife";"Groﬂstadt"
"1355";8;2600;"m‰nnlich";33;"anderen Abschluss";"Vorort Groﬂstadt"
"1356";9;1980;"m‰nnlich";34;"mittlere Reife";"Mittel-,Kleinstadt"
"1357";8;1800;"weiblich";58;"mittlere Reife";"Mittel-,Kleinstadt"
"1358";7;900;"m‰nnlich";27;"Hochschulreife";"Groﬂstadt"
"1359";8;2800;"weiblich";37;"mittlere Reife";"l‰ndl. Dorf"
"1360";7;1800;"m‰nnlich";60;"mittlere Reife";"Mittel-,Kleinstadt"
"1361";7;900;"weiblich";54;"Hochschulreife";"Vorort Groﬂstadt"
"1362";8;1300;"m‰nnlich";27;"mittlere Reife";"Groﬂstadt"
"1363";8;1500;"weiblich";45;"mittlere Reife";"Mittel-,Kleinstadt"
"1364";8;1500;"m‰nnlich";31;"mittlere Reife";"Mittel-,Kleinstadt"
"1365";8;2500;"m‰nnlich";35;"Hochschulreife";"Mittel-,Kleinstadt"
"1366";8;1800;"m‰nnlich";50;"Hochschulreife";"Mittel-,Kleinstadt"
"1367";9;2300;"m‰nnlich";29;"Hochschulreife";"Groﬂstadt"
"1368";8;1400;"weiblich";37;"mittlere Reife";"l‰ndl. Dorf"
"1369";6;1500;"weiblich";60;"mittlere Reife";"Mittel-,Kleinstadt"
"1370";8;2000;"weiblich";61;"mittlere Reife";"l‰ndl. Dorf"
"1371";9;1700;"weiblich";49;"mittlere Reife";"Mittel-,Kleinstadt"
"1372";7;1200;"weiblich";44;"Fachhochschulreife";"Mittel-,Kleinstadt"
"1373";8;2800;"m‰nnlich";40;"Fachhochschulreife";"Mittel-,Kleinstadt"
"1374";7;1047;"weiblich";48;"Volks-,Hauptschule";"l‰ndl. Dorf"
"1375";8;4000;"m‰nnlich";50;"Hochschulreife";"l‰ndl. Dorf"
"1376";6;2800;"m‰nnlich";59;"Volks-,Hauptschule";"l‰ndl. Dorf"
"1377";8;690;"weiblich";34;"mittlere Reife";"Groﬂstadt"
"1378";9;2240;"m‰nnlich";43;"Hochschulreife";"Vorort Groﬂstadt"
"1379";8;2350;"m‰nnlich";28;"Hochschulreife";"Groﬂstadt"
"1380";10;2000;"m‰nnlich";56;"Hochschulreife";"l‰ndl. Dorf"
"1381";7;2200;"weiblich";51;"Volks-,Hauptschule";"l‰ndl. Dorf"
"1382";7;1200;"m‰nnlich";54;"mittlere Reife";"l‰ndl. Dorf"
"1383";7;1700;"m‰nnlich";48;"Volks-,Hauptschule";"Mittel-,Kleinstadt"
"1384";3;600;"m‰nnlich";26;"Fachhochschulreife";"Vorort Groﬂstadt"
"1385";8;1300;"weiblich";34;"Hochschulreife";"Mittel-,Kleinstadt"
"1386";7;1200;"m‰nnlich";31;"mittlere Reife";"Mittel-,Kleinstadt"
"1387";7;1300;"m‰nnlich";36;"mittlere Reife";"l‰ndl. Dorf"
"1388";8;2100;"weiblich";34;"Hochschulreife";"Mittel-,Kleinstadt"
"1389";7;2400;"m‰nnlich";44;"Volks-,Hauptschule";"l‰ndl. Dorf"
"1390";6;1900;"m‰nnlich";50;"mittlere Reife";"Groﬂstadt"
"1391";8;1600;"weiblich";48;"mittlere Reife";"l‰ndl. Dorf"
"1392";9;2800;"m‰nnlich";41;"Hochschulreife";"l‰ndl. Dorf"
"1393";8;1500;"m‰nnlich";58;"mittlere Reife";"l‰ndl. Dorf"
"1394";7;1200;"m‰nnlich";59;"mittlere Reife";"Mittel-,Kleinstadt"
"1395";8;2000;"m‰nnlich";45;"Hochschulreife";"l‰ndl. Dorf"
"1396";8;2000;"weiblich";42;"Hochschulreife";"Mittel-,Kleinstadt"
"1397";10;2028;"m‰nnlich";47;"Hochschulreife";"Groﬂstadt"
"1398";9;4500;"m‰nnlich";57;"Hochschulreife";"Vorort Groﬂstadt"
"1399";8;1400;"m‰nnlich";58;"mittlere Reife";"Mittel-,Kleinstadt"
"1400";10;3800;"m‰nnlich";57;"Hochschulreife";"Mittel-,Kleinstadt"
"1401";10;1850;"m‰nnlich";37;"Volks-,Hauptschule";"l‰ndl. Dorf"
"1402";6;850;"m‰nnlich";54;"mittlere Reife";"l‰ndl. Dorf"
"1403";8;2000;"weiblich";56;"mittlere Reife";"l‰ndl. Dorf"
"1404";9;3200;"m‰nnlich";35;"Hochschulreife";"Groﬂstadt"
"1405";9;2500;"weiblich";56;"mittlere Reife";"Vorort Groﬂstadt"
"1406";8;2700;"m‰nnlich";63;"Hochschulreife";"Vorort Groﬂstadt"
"1407";7;1100;"weiblich";28;"mittlere Reife";"Vorort Groﬂstadt"
"1408";7;2355;"m‰nnlich";37;"Volks-,Hauptschule";"Mittel-,Kleinstadt"
"1409";7;1100;"weiblich";71;"Volks-,Hauptschule";"Groﬂstadt"
"1410";9;2600;"m‰nnlich";56;"Volks-,Hauptschule";"l‰ndl. Dorf"
"1411";8;6000;"m‰nnlich";55;"Hochschulreife";"Mittel-,Kleinstadt"
"1412";8;1900;"m‰nnlich";34;"mittlere Reife";"Mittel-,Kleinstadt"
"1413";8;750;"weiblich";36;"mittlere Reife";"l‰ndl. Dorf"
"1414";7;2200;"m‰nnlich";48;"Hochschulreife";"Groﬂstadt"
"1415";9;692;"weiblich";40;"Volks-,Hauptschule";"Vorort Groﬂstadt"
"1416";8;980;"weiblich";38;"Hochschulreife";"Groﬂstadt"
"1417";7;1300;"weiblich";51;"mittlere Reife";"l‰ndl. Dorf"
"1418";7;1900;"m‰nnlich";36;"Fachhochschulreife";"Mittel-,Kleinstadt"
"1419";8;800;"weiblich";60;"mittlere Reife";"l‰ndl. Dorf"
"1420";5;800;"m‰nnlich";27;"Volks-,Hauptschule";"Groﬂstadt"
"1421";3;3700;"m‰nnlich";52;"Hochschulreife";"l‰ndl. Dorf"
"1422";8;3300;"weiblich";45;"Hochschulreife";"Groﬂstadt"
"1423";7;1600;"weiblich";52;"mittlere Reife";"Groﬂstadt"
"1424";6;1200;"weiblich";51;"mittlere Reife";"Mittel-,Kleinstadt"
"1425";8;800;"m‰nnlich";59;"mittlere Reife";"l‰ndl. Dorf"
"1426";5;1700;"m‰nnlich";46;"Volks-,Hauptschule";"Mittel-,Kleinstadt"
"1427";8;2200;"weiblich";36;"Hochschulreife";"Groﬂstadt"
"1428";8;1250;"weiblich";65;"mittlere Reife";"l‰ndl. Dorf"
"1429";7;1420;"m‰nnlich";25;"Hochschulreife";"Vorort Groﬂstadt"
"1430";8;450;"weiblich";44;"Hochschulreife";"Mittel-,Kleinstadt"
"1431";8;2500;"m‰nnlich";34;"Volks-,Hauptschule";"l‰ndl. Dorf"
"1432";6;3000;"weiblich";44;"mittlere Reife";"Vorort Groﬂstadt"
"1433";7;1800;"m‰nnlich";37;"Volks-,Hauptschule";"Groﬂstadt"
"1434";8;4500;"m‰nnlich";35;"Hochschulreife";"Groﬂstadt"
"1435";8;500;"weiblich";57;"Volks-,Hauptschule";"Mittel-,Kleinstadt"
"1436";7;1350;"weiblich";40;"mittlere Reife";"l‰ndl. Dorf"
"1437";8;1980;"weiblich";50;"Hochschulreife";"Groﬂstadt"
"1438";9;1800;"weiblich";50;"mittlere Reife";"Groﬂstadt"
"1439";9;2200;"m‰nnlich";64;"Volks-,Hauptschule";"Mittel-,Kleinstadt"
"1440";9;3000;"m‰nnlich";59;"Hochschulreife";"l‰ndl. Dorf"
"1441";5;2100;"m‰nnlich";48;"Volks-,Hauptschule";"Mittel-,Kleinstadt"
"1442";9;400;"weiblich";35;"Hochschulreife";"Vorort Groﬂstadt"
"1443";7;1800;"weiblich";23;"Fachhochschulreife";"Mittel-,Kleinstadt"
"1444";5;1300;"m‰nnlich";52;"mittlere Reife";"Mittel-,Kleinstadt"
"1445";8;800;"weiblich";53;"mittlere Reife";"Mittel-,Kleinstadt"
"1446";8;2500;"m‰nnlich";55;"mittlere Reife";"Mittel-,Kleinstadt"
"1447";9;2100;"m‰nnlich";45;"mittlere Reife";"l‰ndl. Dorf"
"1448";5;1300;"m‰nnlich";23;"mittlere Reife";"Mittel-,Kleinstadt"
"1449";7;1800;"weiblich";56;"Hochschulreife";"Mittel-,Kleinstadt"
"1450";9;3600;"m‰nnlich";40;"Fachhochschulreife";"Vorort Groﬂstadt"
"1451";7;1500;"m‰nnlich";39;"Volks-,Hauptschule";"l‰ndl. Dorf"
"1452";8;3200;"m‰nnlich";47;"mittlere Reife";"l‰ndl. Dorf"
"1453";9;2600;"m‰nnlich";46;"mittlere Reife";"Mittel-,Kleinstadt"
"1454";8;2400;"m‰nnlich";33;"Hochschulreife";"Vorort Groﬂstadt"
"1455";8;870;"weiblich";34;"mittlere Reife";"Mittel-,Kleinstadt"
"1456";8;1100;"weiblich";28;"Hochschulreife";"Groﬂstadt"
"1457";9;4300;"m‰nnlich";63;"Hochschulreife";"Groﬂstadt"
"1458";9;1100;"weiblich";53;"Hochschulreife";"l‰ndl. Dorf"
"1459";8;3200;"m‰nnlich";45;"Fachhochschulreife";"l‰ndl. Dorf"
"1460";10;1200;"weiblich";37;"mittlere Reife";"l‰ndl. Dorf"
"1461";7;2500;"m‰nnlich";62;"Volks-,Hauptschule";"l‰ndl. Dorf"
"1462";10;3800;"m‰nnlich";50;"mittlere Reife";"Mittel-,Kleinstadt"
"1463";8;3200;"m‰nnlich";65;"mittlere Reife";"l‰ndl. Dorf"
"1464";9;3500;"weiblich";45;"Hochschulreife";"Mittel-,Kleinstadt"
"1465";5;950;"m‰nnlich";19;"mittlere Reife";"l‰ndl. Dorf"
"1466";5;500;"weiblich";57;"Volks-,Hauptschule";"l‰ndl. Dorf"
"1467";7;2500;"m‰nnlich";56;"Volks-,Hauptschule";"Mittel-,Kleinstadt"
"1468";9;2500;"m‰nnlich";50;"ohne Abschluss";"Mittel-,Kleinstadt"
"1469";9;500;"weiblich";36;"mittlere Reife";"Mittel-,Kleinstadt"
"1470";8;1300;"weiblich";25;"Hochschulreife";"Groﬂstadt"
"1471";10;300;"m‰nnlich";59;"mittlere Reife";"l‰ndl. Dorf"
"1472";8;1400;"m‰nnlich";53;"mittlere Reife";"Mittel-,Kleinstadt"
"1473";8;2400;"weiblich";51;"Hochschulreife";"Mittel-,Kleinstadt"
"1474";4;1300;"m‰nnlich";40;"Volks-,Hauptschule";"l‰ndl. Dorf"
"1475";10;2600;"m‰nnlich";47;"mittlere Reife";"Mittel-,Kleinstadt"
"1476";7;6000;"m‰nnlich";51;"Hochschulreife";"Mittel-,Kleinstadt"
"1477";9;5800;"m‰nnlich";57;"Fachhochschulreife";"Groﬂstadt"
"1478";7;3000;"m‰nnlich";37;"Hochschulreife";"Groﬂstadt"
"1479";7;1700;"weiblich";25;"Hochschulreife";"Mittel-,Kleinstadt"
"1480";10;900;"m‰nnlich";33;"ohne Abschluss";"Groﬂstadt"
"1481";9;700;"weiblich";42;"Hochschulreife";"Mittel-,Kleinstadt"
"1482";8;3300;"weiblich";34;"Hochschulreife";"Groﬂstadt"
"1483";9;2500;"weiblich";50;"Hochschulreife";"Groﬂstadt"
"1484";10;1200;"weiblich";60;"mittlere Reife";"Mittel-,Kleinstadt"
"1485";9;2000;"m‰nnlich";47;"Hochschulreife";"Groﬂstadt"
"1486";8;3000;"m‰nnlich";57;"mittlere Reife";"Vorort Groﬂstadt"
"1487";7;2300;"m‰nnlich";44;"Hochschulreife";"Mittel-,Kleinstadt"
"1488";0;1050;"m‰nnlich";37;"Hochschulreife";"Groﬂstadt"
"1489";8;3000;"m‰nnlich";54;"Volks-,Hauptschule";"Mittel-,Kleinstadt"
"1490";7;2400;"m‰nnlich";42;"Hochschulreife";"l‰ndl. Dorf"
"1491";8;2200;"m‰nnlich";59;"Volks-,Hauptschule";"Groﬂstadt"
"1492";7;2390;"m‰nnlich";27;"Hochschulreife";"Groﬂstadt"
"1493";5;1500;"weiblich";55;"Hochschulreife";"Groﬂstadt"
"1494";9;1800;"weiblich";46;"mittlere Reife";"Vorort Groﬂstadt"
"1495";10;2000;"m‰nnlich";51;"mittlere Reife";"l‰ndl. Dorf"
"1496";9;1800;"weiblich";31;"Fachhochschulreife";"Mittel-,Kleinstadt"
"1497";9;2500;"m‰nnlich";55;"Volks-,Hauptschule";"l‰ndl. Dorf"
"1498";9;7000;"m‰nnlich";53;"Hochschulreife";"Vorort Groﬂstadt"
"1499";8;1100;"weiblich";40;"Hochschulreife";"Mittel-,Kleinstadt"
"1500";8;2000;"weiblich";55;"Fachhochschulreife";"l‰ndl. Dorf"
"1501";8;1600;"weiblich";50;"Hochschulreife";"Groﬂstadt"
"1502";6;1125;"m‰nnlich";29;"mittlere Reife";"Mittel-,Kleinstadt"
"1503";8;700;"weiblich";62;"Volks-,Hauptschule";"l‰ndl. Dorf"
"1504";9;4000;"m‰nnlich";84;"mittlere Reife";"Groﬂstadt"
"1505";8;2000;"weiblich";61;"mittlere Reife";"Groﬂstadt"
"1506";8;1500;"weiblich";23;"Fachhochschulreife";"Groﬂstadt"
"1507";5;850;"weiblich";52;"Hochschulreife";"Groﬂstadt"
"1508";8;1975;"weiblich";29;"Hochschulreife";"Groﬂstadt"
"1509";6;1500;"m‰nnlich";36;"anderen Abschluss";"Groﬂstadt"
"1510";5;960;"weiblich";57;"mittlere Reife";"Mittel-,Kleinstadt"
"1511";9;900;"weiblich";51;"Volks-,Hauptschule";"Mittel-,Kleinstadt"
"1512";9;3000;"m‰nnlich";29;"Fachhochschulreife";"Mittel-,Kleinstadt"
"1513";10;2500;"weiblich";47;"mittlere Reife";"l‰ndl. Dorf"
"1514";9;900;"weiblich";53;"Fachhochschulreife";"l‰ndl. Dorf"
"1515";8;2100;"weiblich";44;"mittlere Reife";"l‰ndl. Dorf"
"1516";4;1000;"weiblich";42;"Volks-,Hauptschule";"l‰ndl. Dorf"
"1517";7;1700;"weiblich";61;"Hochschulreife";"Groﬂstadt"
"1518";8;5000;"m‰nnlich";65;"Hochschulreife";"l‰ndl. Dorf"
"1519";6;1250;"m‰nnlich";27;"mittlere Reife";"Mittel-,Kleinstadt"
"1520";9;1200;"m‰nnlich";55;"mittlere Reife";"Mittel-,Kleinstadt"
"1521";9;3200;"weiblich";41;"Hochschulreife";"Groﬂstadt"
"1522";9;1600;"weiblich";51;"mittlere Reife";"Mittel-,Kleinstadt"
"1523";10;1300;"weiblich";51;"mittlere Reife";"l‰ndl. Dorf"
"1524";9;4000;"m‰nnlich";50;"Fachhochschulreife";"Mittel-,Kleinstadt"
"1525";7;2300;"weiblich";60;"Hochschulreife";"Groﬂstadt"
"1526";8;2000;"m‰nnlich";50;"mittlere Reife";"Groﬂstadt"
"1527";10;700;"weiblich";46;"Hochschulreife";"Vorort Groﬂstadt"
"1528";10;1500;"m‰nnlich";49;"mittlere Reife";"Mittel-,Kleinstadt"
"1529";10;2500;"m‰nnlich";54;"Volks-,Hauptschule";"Mittel-,Kleinstadt"
"1530";8;2600;"m‰nnlich";59;"mittlere Reife";"l‰ndl. Dorf"
"1531";8;1100;"m‰nnlich";25;"Hochschulreife";"Groﬂstadt"
"1532";5;2000;"m‰nnlich";43;"mittlere Reife";"Mittel-,Kleinstadt"
"1533";7;2750;"weiblich";29;"Hochschulreife";"Mittel-,Kleinstadt"
"1534";10;1200;"weiblich";26;"mittlere Reife";"l‰ndl. Dorf"
"1535";8;2000;"weiblich";30;"Hochschulreife";"Vorort Groﬂstadt"
"1536";9;2200;"m‰nnlich";36;"mittlere Reife";"l‰ndl. Dorf"
"1537";9;800;"weiblich";67;"Volks-,Hauptschule";"l‰ndl. Dorf"
"1538";8;1200;"m‰nnlich";38;"Hochschulreife";"Vorort Groﬂstadt"
"1539";9;3850;"m‰nnlich";52;"Fachhochschulreife";"Vorort Groﬂstadt"
"1540";8;2300;"m‰nnlich";43;"mittlere Reife";"Vorort Groﬂstadt"
"1541";10;2300;"m‰nnlich";61;"Volks-,Hauptschule";"Mittel-,Kleinstadt"
"1542";8;2700;"m‰nnlich";41;"Hochschulreife";"Vorort Groﬂstadt"
"1543";10;2250;"weiblich";49;"mittlere Reife";"Mittel-,Kleinstadt"
"1544";8;2500;"m‰nnlich";42;"Fachhochschulreife";"Groﬂstadt"
"1545";8;2300;"m‰nnlich";38;"Hochschulreife";"Einzelhaus, Land"
"1546";10;8000;"m‰nnlich";58;"Hochschulreife";"Mittel-,Kleinstadt"
"1547";6;1200;"m‰nnlich";40;"mittlere Reife";"Mittel-,Kleinstadt"
"1548";10;1900;"weiblich";49;"Fachhochschulreife";"l‰ndl. Dorf"
"1549";9;1500;"weiblich";59;"Hochschulreife";"Mittel-,Kleinstadt"
"1550";7;1600;"weiblich";56;"Hochschulreife";"Mittel-,Kleinstadt"
"1551";9;1700;"m‰nnlich";55;"mittlere Reife";"l‰ndl. Dorf"
"1552";8;1900;"m‰nnlich";35;"mittlere Reife";"l‰ndl. Dorf"
"1553";7;550;"m‰nnlich";61;"mittlere Reife";"l‰ndl. Dorf"
"1554";10;800;"weiblich";39;"mittlere Reife";"l‰ndl. Dorf"
"1555";10;450;"weiblich";38;"Hochschulreife";"Mittel-,Kleinstadt"
"1556";9;2200;"m‰nnlich";63;"Hochschulreife";"Mittel-,Kleinstadt"
"1557";9;1800;"m‰nnlich";28;"Fachhochschulreife";"Mittel-,Kleinstadt"
"1558";9;1800;"weiblich";58;"Hochschulreife";"Vorort Groﬂstadt"
"1559";7;2800;"m‰nnlich";36;"Fachhochschulreife";"Groﬂstadt"
"1560";9;1350;"m‰nnlich";60;"mittlere Reife";"l‰ndl. Dorf"
"1561";10;4000;"weiblich";60;"Hochschulreife";"Mittel-,Kleinstadt"
"1562";7;800;"m‰nnlich";42;"Fachhochschulreife";"Groﬂstadt"
"1563";9;3000;"weiblich";47;"Hochschulreife";"l‰ndl. Dorf"
"1564";8;1600;"m‰nnlich";57;"Hochschulreife";"l‰ndl. Dorf"
"1565";7;2600;"m‰nnlich";46;"Volks-,Hauptschule";"Vorort Groﬂstadt"
"1566";8;2200;"weiblich";62;"Fachhochschulreife";"Groﬂstadt"
"1567";8;2500;"m‰nnlich";51;"mittlere Reife";"Vorort Groﬂstadt"
"1568";8;2300;"weiblich";47;"mittlere Reife";"l‰ndl. Dorf"
"1569";8;1238;"weiblich";52;"Hochschulreife";"Mittel-,Kleinstadt"
"1570";7;1200;"m‰nnlich";31;"mittlere Reife";"l‰ndl. Dorf"
"1571";7;2000;"weiblich";31;"Hochschulreife";"Mittel-,Kleinstadt"
"1572";5;1000;"weiblich";52;"mittlere Reife";"l‰ndl. Dorf"
"1573";6;1300;"weiblich";28;"Fachhochschulreife";"l‰ndl. Dorf"
"1574";9;3500;"m‰nnlich";32;"Hochschulreife";"Groﬂstadt"
"1575";6;1550;"m‰nnlich";31;"mittlere Reife";"Groﬂstadt"
"1576";9;6000;"m‰nnlich";49;"Hochschulreife";"Vorort Groﬂstadt"
